Timestamp,Regime,Decision,Direction,Conviction,Mode,CapitalProfile,RiskStyle,Lev,Mult,Votes,Rationale,BlockReason,AegeanSlope,AegeanZone,OrionADX,OrionTrend
1704109200.0,CHOP,NO_GO,HOLD,0.00,NORMAL,SMALL,DEGEN,1.0,1.50,Aegean:FLAT(0.00)|Orion:FLAT(0.00),Regime: CHOP (Reduced Weights). Score: 0.00. [WARMUP],WARMUP,0.000000,N/A,0.00,False
1704109260.0,CHOP,NO_GO,HOLD,0.00,NORMAL,SMALL,DEGEN,1.0,1.50,Aegean:FLAT(0.00)|Orion:FLAT(0.00),Regime: CHOP (Reduced Weights). Score: 0.00. [WARMUP],WARMUP,0.000000,N/A,0.00,False
1704109320.0,CHOP,NO_GO,HOLD,0.00,NORMAL,SMALL,DEGEN,1.0,1.50,Aegean:FLAT(0.00)|Orion:FLAT(0.00),Regime: CHOP (Reduced Weights). Score: 0.00. [WARMUP],WARMUP,0.000000,N/A,0.00,False
1704109380.0,CHOP,NO_GO,HOLD,0.00,NORMAL,SMALL,DEGEN,1.0,1.50,Aegean:FLAT(0.00)|Orion:FLAT(0.00),Regime: CHOP (Reduced Weights). Score: 0.00. [WARMUP],WARMUP,0.000000,N/A,0.00,False
1704109440.0,CHOP,NO_GO,HOLD,0.00,NORMAL,SMALL,DEGEN,1.0,1.50,Aegean:FLAT(0.00)|Orion:FLAT(0.00),Regime: CHOP (Reduced Weights). Score: 0.00. [WARMUP],WARMUP,0.000000,N/A,0.00,False
1704109500.0,CHOP,NO_GO,HOLD,0.00,NORMAL,SMALL,DEGEN,1.0,1.50,Aegean:FLAT(0.00)|Orion:FLAT(0.00),Regime: CHOP (Reduced Weights). Score: 0.00. [WARMUP],WARMUP,0.000000,N/A,0.00,False
1704109560.0,CHOP,NO_GO,HOLD,0.00,NORMAL,SMALL,DEGEN,1.0,1.50,Aegean:FLAT(0.00)|Orion:FLAT(0.00),Regime: CHOP (Reduced Weights). Score: 0.00. [WARMUP],WARMUP,0.000000,N/A,0.00,False
1704109620.0,CHOP,NO_GO,HOLD,0.00,NORMAL,SMALL,DEGEN,1.0,1.50,Aegean:FLAT(0.00)|Orion:FLAT(0.00),Regime: CHOP (Reduced Weights). Score: 0.00. [WARMUP],WARMUP,0.000000,N/A,0.00,False
1704109680.0,CHOP,NO_GO,HOLD,0.00,NORMAL,SMALL,DEGEN,1.0,1.50,Aegean:FLAT(0.00)|Orion:FLAT(0.00),Regime: CHOP (Reduced Weights). Score: 0.00. [WARMUP],WARMUP,0.000000,N/A,0.00,False
1704109740.0,CHOP,NO_GO,HOLD,0.00,NORMAL,SMALL,DEGEN,1.0,1.50,Aegean:FLAT(0.00)|Orion:FLAT(0.00),Regime: CHOP (Reduced Weights). Score: 0.00. [WARMUP],WARMUP,0.000000,N/A,0.00,False
1704109800.0,CHOP,NO_GO,HOLD,0.00,NORMAL,SMALL,DEGEN,1.0,1.50,Aegean:FLAT(0.00)|Orion:FLAT(0.00),Regime: CHOP (Reduced Weights). Score: 0.00. [WARMUP],WARMUP,0.000000,N/A,0.00,False
1704109860.0,CHOP,NO_GO,HOLD,0.00,NORMAL,SMALL,DEGEN,1.0,1.50,Aegean:FLAT(0.00)|Orion:FLAT(0.00),Regime: CHOP (Reduced Weights). Score: 0.00. [WARMUP],WARMUP,0.000000,N/A,0.00,False
1704109920.0,CHOP,NO_GO,HOLD,0.00,NORMAL,SMALL,DEGEN,1.0,1.50,Aegean:FLAT(0.00)|Orion:FLAT(0.00),Regime: CHOP (Reduced Weights). Score: 0.00. [WARMUP],WARMUP,0.000000,N/A,0.00,False
1704109980.0,CHOP,NO_GO,HOLD,0.00,NORMAL,SMALL,DEGEN,1.0,1.50,Aegean:FLAT(0.00)|Orion:FLAT(0.00),Regime: CHOP (Reduced Weights). Score: 0.00. [WARMUP],WARMUP,0.000000,N/A,0.00,False
1704110040.0,CHOP,NO_GO,HOLD,0.00,NORMAL,SMALL,DEGEN,1.0,1.50,Aegean:FLAT(0.00)|Orion:FLAT(0.00),Regime: CHOP (Reduced Weights). Score: 0.00. [WARMUP],WARMUP,0.000000,N/A,0.00,False
1704110100.0,CHOP,NO_GO,HOLD,0.00,NORMAL,SMALL,DEGEN,1.0,1.50,Aegean:FLAT(0.00)|Orion:FLAT(0.00),Regime: CHOP (Reduced Weights). Score: 0.00. [WARMUP],WARMUP,0.000000,N/A,0.00,False
1704110160.0,CHOP,NO_GO,HOLD,0.00,NORMAL,SMALL,DEGEN,1.0,1.50,Aegean:FLAT(0.00)|Orion:FLAT(0.00),Regime: CHOP (Reduced Weights). Score: 0.00. [WARMUP],WARMUP,0.000000,N/A,0.00,False
1704110220.0,CHOP,NO_GO,HOLD,0.00,NORMAL,SMALL,DEGEN,1.0,1.50,Aegean:FLAT(0.00)|Orion:FLAT(0.00),Regime: CHOP (Reduced Weights). Score: 0.00. [WARMUP],WARMUP,0.000000,N/A,0.00,False
1704110280.0,CHOP,NO_GO,HOLD,0.00,NORMAL,SMALL,DEGEN,1.0,1.50,Aegean:FLAT(0.00)|Orion:FLAT(0.00),Regime: CHOP (Reduced Weights). Score: 0.00. [WARMUP],WARMUP,0.000000,N/A,0.00,False
1704110340.0,CHOP,NO_GO,HOLD,0.00,NORMAL,SMALL,DEGEN,1.0,1.50,Aegean:FLAT(0.00)|Orion:FLAT(0.00),Regime: CHOP (Reduced Weights). Score: 0.00. [WARMUP],WARMUP,0.000000,N/A,0.00,False
1704110400.0,CHOP,NO_GO,HOLD,0.00,NORMAL,SMALL,DEGEN,1.0,1.50,Aegean:FLAT(0.00)|Orion:FLAT(0.00),Regime: CHOP (Reduced Weights). Score: 0.00. [WARMUP],WARMUP,0.000000,N/A,0.00,False
1704110460.0,CHOP,NO_GO,HOLD,0.00,NORMAL,SMALL,DEGEN,1.0,1.50,Aegean:FLAT(0.00)|Orion:FLAT(0.00),Regime: CHOP (Reduced Weights). Score: 0.00. [WARMUP],WARMUP,0.000000,N/A,0.00,False
1704110520.0,CHOP,NO_GO,HOLD,0.00,NORMAL,SMALL,DEGEN,1.0,1.50,Aegean:FLAT(0.00)|Orion:FLAT(0.00),Regime: CHOP (Reduced Weights). Score: 0.00. [WARMUP],WARMUP,0.000000,N/A,0.00,False
1704110580.0,CHOP,NO_GO,HOLD,0.00,NORMAL,SMALL,DEGEN,1.0,1.50,Aegean:FLAT(0.30)|Orion:FLAT(0.00),Regime: CHOP (Reduced Weights). Score: 0.00. [WARMUP],WARMUP,-45.473179,DIP,0.00,False
1704110640.0,CHOP,NO_GO,HOLD,0.00,NORMAL,SMALL,DEGEN,1.0,1.50,Aegean:FLAT(0.30)|Orion:FLAT(0.00),Regime: CHOP (Reduced Weights). Score: 0.00. [WARMUP],WARMUP,-45.904305,DIP,0.00,False
1704110700.0,CHOP,NO_GO,HOLD,0.00,NORMAL,SMALL,DEGEN,1.0,1.50,Aegean:FLAT(0.30)|Orion:FLAT(0.00),Regime: CHOP (Reduced Weights). Score: 0.00. [WARMUP],WARMUP,-46.294371,DIP,0.00,False
1704110760.0,CHOP,NO_GO,HOLD,0.00,NORMAL,SMALL,DEGEN,1.0,1.50,Aegean:FLAT(0.30)|Orion:FLAT(0.00),Regime: CHOP (Reduced Weights). Score: 0.00. [WARMUP],WARMUP,-46.647288,DIP,0.00,False
1704110820.0,CHOP,NO_GO,HOLD,0.00,NORMAL,SMALL,DEGEN,1.0,1.50,Aegean:FLAT(0.30)|Orion:FLAT(0.00),Regime: CHOP (Reduced Weights). Score: 0.00. [WARMUP],WARMUP,-46.966594,DIP,0.00,False
1704110880.0,CHOP,NO_GO,HOLD,0.00,NORMAL,SMALL,DEGEN,1.0,1.50,Aegean:FLAT(0.30)|Orion:FLAT(0.00),Regime: CHOP (Reduced Weights). Score: 0.00. [WARMUP],WARMUP,-47.255490,DIP,0.00,False
1704110940.0,CHOP,NO_GO,HOLD,0.00,NORMAL,SMALL,DEGEN,1.0,1.50,Aegean:FLAT(0.30)|Orion:FLAT(0.00),Regime: CHOP (Reduced Weights). Score: 0.00. [WARMUP],WARMUP,-47.516872,DIP,0.00,False
1704111000.0,CHOP,NO_GO,HOLD,0.00,NORMAL,SMALL,DEGEN,1.0,1.50,Aegean:FLAT(0.30)|Orion:FLAT(0.00),Regime: CHOP (Reduced Weights). Score: 0.00. [WARMUP],WARMUP,-47.753360,DIP,0.00,False
1704111060.0,CHOP,NO_GO,HOLD,0.00,NORMAL,SMALL,DEGEN,1.0,1.50,Aegean:FLAT(0.30)|Orion:FLAT(0.00),Regime: CHOP (Reduced Weights). Score: 0.00. [WARMUP],WARMUP,-47.967326,DIP,0.00,False
1704111120.0,CHOP,NO_GO,HOLD,0.00,NORMAL,SMALL,DEGEN,1.0,1.50,Aegean:FLAT(0.30)|Orion:FLAT(0.00),Regime: CHOP (Reduced Weights). Score: 0.00. [WARMUP],WARMUP,-48.160914,DIP,0.00,False
1704111180.0,CHOP,NO_GO,HOLD,0.00,NORMAL,SMALL,DEGEN,1.0,1.50,Aegean:FLAT(0.30)|Orion:FLAT(0.00),Regime: CHOP (Reduced Weights). Score: 0.00. [WARMUP],WARMUP,-48.336065,DIP,0.00,False
1704111240.0,CHOP,NO_GO,HOLD,0.00,NORMAL,SMALL,DEGEN,1.0,1.50,Aegean:FLAT(0.30)|Orion:FLAT(0.00),Regime: CHOP (Reduced Weights). Score: 0.00. [WARMUP],WARMUP,-48.494535,DIP,0.00,False
1704111300.0,CHOP,NO_GO,HOLD,0.00,NORMAL,SMALL,DEGEN,1.0,1.50,Aegean:FLAT(0.30)|Orion:FLAT(0.00),Regime: CHOP (Reduced Weights). Score: 0.00. [WARMUP],WARMUP,-48.637912,DIP,0.00,False
1704111360.0,CHOP,NO_GO,HOLD,0.00,NORMAL,SMALL,DEGEN,1.0,1.50,Aegean:FLAT(0.30)|Orion:FLAT(0.00),Regime: CHOP (Reduced Weights). Score: 0.00. [WARMUP],WARMUP,-48.767635,DIP,0.00,False
1704111420.0,CHOP,NO_GO,HOLD,0.00,NORMAL,SMALL,DEGEN,1.0,1.50,Aegean:FLAT(0.30)|Orion:FLAT(0.00),Regime: CHOP (Reduced Weights). Score: 0.00. [WARMUP],WARMUP,-48.885003,DIP,0.00,False
1704111480.0,CHOP,NO_GO,HOLD,0.00,NORMAL,SMALL,DEGEN,1.0,1.50,Aegean:FLAT(0.30)|Orion:FLAT(0.00),Regime: CHOP (Reduced Weights). Score: 0.00. [WARMUP],WARMUP,-48.991193,DIP,0.00,False
1704111540.0,CHOP,NO_GO,HOLD,0.00,NORMAL,SMALL,DEGEN,1.0,1.50,Aegean:FLAT(0.30)|Orion:FLAT(0.00),Regime: CHOP (Reduced Weights). Score: 0.00. [WARMUP],WARMUP,-48.991193,DIP,0.00,False
1704111600.0,CHOP,NO_GO,HOLD,0.00,NORMAL,SMALL,DEGEN,1.0,1.50,Aegean:FLAT(0.30)|Orion:FLAT(0.00),Regime: CHOP (Reduced Weights). Score: 0.00. [WARMUP],WARMUP,-48.991193,DIP,0.00,False
1704111660.0,CHOP,NO_GO,HOLD,0.00,NORMAL,SMALL,DEGEN,1.0,1.50,Aegean:FLAT(0.30)|Orion:FLAT(0.00),Regime: CHOP (Reduced Weights). Score: 0.00. [WARMUP],WARMUP,-48.991193,DIP,0.00,False
1704111720.0,CHOP,NO_GO,HOLD,0.00,NORMAL,SMALL,DEGEN,1.0,1.50,Aegean:FLAT(0.30)|Orion:FLAT(0.00),Regime: CHOP (Reduced Weights). Score: 0.00. [WARMUP],WARMUP,-48.991193,DIP,0.00,False
1704111780.0,CHOP,NO_GO,HOLD,0.00,NORMAL,SMALL,DEGEN,1.0,1.50,Aegean:FLAT(0.30)|Orion:FLAT(0.00),Regime: CHOP (Reduced Weights). Score: 0.00. [WARMUP],WARMUP,-48.991193,DIP,0.00,False
1704111840.0,CHOP,NO_GO,HOLD,0.00,NORMAL,SMALL,DEGEN,1.0,1.50,Aegean:FLAT(0.30)|Orion:FLAT(0.00),Regime: CHOP (Reduced Weights). Score: 0.00. [WARMUP],WARMUP,-48.991193,DIP,0.00,False
1704111900.0,CHOP,NO_GO,HOLD,0.00,NORMAL,SMALL,DEGEN,1.0,1.50,Aegean:FLAT(0.30)|Orion:FLAT(0.00),Regime: CHOP (Reduced Weights). Score: 0.00. [WARMUP],WARMUP,-48.991193,DIP,0.00,False
1704111960.0,CHOP,NO_GO,HOLD,0.00,NORMAL,SMALL,DEGEN,1.0,1.50,Aegean:FLAT(0.30)|Orion:FLAT(0.00),Regime: CHOP (Reduced Weights). Score: 0.00. [WARMUP],WARMUP,-48.991193,DIP,0.00,False
1704112020.0,CHOP,NO_GO,HOLD,0.00,NORMAL,SMALL,DEGEN,1.0,1.50,Aegean:FLAT(0.30)|Orion:FLAT(0.00),Regime: CHOP (Reduced Weights). Score: 0.00. [WARMUP],WARMUP,-48.991193,DIP,0.00,False
1704112080.0,TREND,NO_GO,HOLD,0.00,NORMAL,SMALL,DEGEN,1.0,1.50,Aegean:FLAT(0.30)|Orion:FLAT(0.00),Regime: TREND (Orion 2x). Score: 0.00. [WARMUP],WARMUP,-48.991193,DIP,0.00,False
1704112140.0,TREND,NO_GO,HOLD,0.00,NORMAL,SMALL,DEGEN,1.0,1.50,Aegean:FLAT(0.30)|Orion:FLAT(0.00),Regime: TREND (Orion 2x). Score: 0.00. [WARMUP],WARMUP,-48.991193,DIP,0.00,False
1704112200.0,TREND,NO_GO,HOLD,0.00,NORMAL,SMALL,DEGEN,1.0,1.50,Aegean:FLAT(0.30)|Orion:FLAT(0.00),Regime: TREND (Orion 2x). Score: 0.00. [WARMUP],WARMUP,-48.991193,DIP,0.00,False
1704112260.0,TREND,NO_GO,HOLD,0.00,NORMAL,SMALL,DEGEN,1.0,1.50,Aegean:FLAT(0.30)|Orion:FLAT(0.00),Regime: TREND (Orion 2x). Score: 0.00. [WARMUP],WARMUP,-48.991193,DIP,0.00,False
1704112320.0,TREND,NO_GO,HOLD,0.00,NORMAL,SMALL,DEGEN,1.0,1.50,Aegean:FLAT(0.30)|Orion:FLAT(0.00),Regime: TREND (Orion 2x). Score: 0.00. [WARMUP],WARMUP,-48.991193,DIP,0.00,False
1704112380.0,TREND,NO_GO,HOLD,0.00,NORMAL,SMALL,DEGEN,1.0,1.50,Aegean:FLAT(0.30)|Orion:FLAT(0.00),Regime: TREND (Orion 2x). Score: 0.00. [WARMUP],WARMUP,-48.991193,DIP,0.00,False
1704112440.0,TREND,NO_GO,HOLD,0.00,NORMAL,SMALL,DEGEN,1.0,1.50,Aegean:FLAT(0.30)|Orion:FLAT(0.00),Regime: TREND (Orion 2x). Score: 0.00. [WARMUP],WARMUP,-48.991193,DIP,0.00,False
1704112500.0,TREND,NO_GO,HOLD,0.00,NORMAL,SMALL,DEGEN,1.0,1.50,Aegean:FLAT(0.30)|Orion:FLAT(0.00),Regime: TREND (Orion 2x). Score: 0.00. [WARMUP],WARMUP,-48.991193,DIP,0.00,False
1704112560.0,TREND,NO_GO,HOLD,0.00,NORMAL,SMALL,DEGEN,1.0,1.50,Aegean:FLAT(0.30)|Orion:FLAT(0.00),Regime: TREND (Orion 2x). Score: 0.00. [WARMUP],WARMUP,-48.991193,DIP,0.00,False
1704112620.0,TREND,NO_GO,HOLD,0.00,NORMAL,SMALL,DEGEN,1.0,1.50,Aegean:FLAT(0.30)|Orion:FLAT(0.00),Regime: TREND (Orion 2x). Score: 0.00. [WARMUP],WARMUP,-48.991193,DIP,0.00,False
1704112680.0,TREND,NO_GO,HOLD,0.00,NORMAL,SMALL,DEGEN,1.0,1.50,Aegean:FLAT(0.30)|Orion:FLAT(0.00),Regime: TREND (Orion 2x). Score: 0.00. [WARMUP],WARMUP,-48.991193,DIP,0.00,False
1704112740.0,TREND,NO_GO,HOLD,0.00,NORMAL,SMALL,DEGEN,1.0,1.50,Aegean:FLAT(0.30)|Orion:FLAT(0.00),Regime: TREND (Orion 2x). Score: 0.00. [WARMUP],WARMUP,-48.991193,DIP,0.00,False
1704112800.0,TREND,NO_GO,HOLD,0.00,NORMAL,SMALL,DEGEN,1.0,1.50,Aegean:FLAT(0.30)|Orion:FLAT(0.00),Regime: TREND (Orion 2x). Score: 0.00. [WARMUP],WARMUP,-48.991193,DIP,0.00,False
1704112860.0,TREND,NO_GO,HOLD,0.00,NORMAL,SMALL,DEGEN,1.0,1.50,Aegean:FLAT(0.30)|Orion:FLAT(0.00),Regime: TREND (Orion 2x). Score: 0.00. [WARMUP],WARMUP,-48.991193,DIP,0.00,False
1704112920.0,TREND,NO_GO,HOLD,0.00,NORMAL,SMALL,DEGEN,1.0,1.50,Aegean:FLAT(0.30)|Orion:FLAT(0.00),Regime: TREND (Orion 2x). Score: 0.00. [WARMUP],WARMUP,-48.991193,DIP,0.00,False
1704112980.0,TREND,NO_GO,HOLD,0.00,NORMAL,SMALL,DEGEN,1.0,1.50,Aegean:FLAT(0.30)|Orion:FLAT(0.00),Regime: TREND (Orion 2x). Score: 0.00. [WARMUP],WARMUP,-48.991193,DIP,0.00,False
1704113040.0,TREND,NO_GO,HOLD,0.00,NORMAL,SMALL,DEGEN,1.0,1.50,Aegean:FLAT(0.30)|Orion:FLAT(0.00),Regime: TREND (Orion 2x). Score: 0.00. [WARMUP],WARMUP,-48.991193,DIP,0.00,False
1704113100.0,TREND,NO_GO,HOLD,0.00,NORMAL,SMALL,DEGEN,1.0,1.50,Aegean:FLAT(0.30)|Orion:FLAT(0.00),Regime: TREND (Orion 2x). Score: 0.00. [WARMUP],WARMUP,-48.991193,DIP,0.00,False
1704113160.0,TREND,NO_GO,HOLD,0.00,NORMAL,SMALL,DEGEN,1.0,1.50,Aegean:FLAT(0.30)|Orion:FLAT(0.00),Regime: TREND (Orion 2x). Score: 0.00. [WARMUP],WARMUP,-48.991193,DIP,0.00,False
1704113220.0,TREND,NO_GO,HOLD,0.00,NORMAL,SMALL,DEGEN,1.0,1.50,Aegean:FLAT(0.30)|Orion:FLAT(0.00),Regime: TREND (Orion 2x). Score: 0.00. [WARMUP],WARMUP,-48.991193,DIP,0.00,False
1704113280.0,TREND,NO_GO,HOLD,0.00,NORMAL,SMALL,DEGEN,1.0,1.50,Aegean:FLAT(0.30)|Orion:FLAT(0.00),Regime: TREND (Orion 2x). Score: 0.00. [WARMUP],WARMUP,-48.991193,DIP,0.00,False
1704113340.0,TREND,NO_GO,HOLD,0.00,NORMAL,SMALL,DEGEN,1.0,1.50,Aegean:FLAT(0.30)|Orion:FLAT(0.00),Regime: TREND (Orion 2x). Score: 0.00. [WARMUP],WARMUP,-48.991193,DIP,0.00,False
1704113400.0,TREND,NO_GO,HOLD,0.00,NORMAL,SMALL,DEGEN,1.0,1.50,Aegean:FLAT(0.30)|Orion:FLAT(0.00),Regime: TREND (Orion 2x). Score: 0.00. [WARMUP],WARMUP,-48.991193,DIP,0.00,False
1704113460.0,TREND,NO_GO,HOLD,0.00,NORMAL,SMALL,DEGEN,1.0,1.50,Aegean:FLAT(0.30)|Orion:FLAT(0.00),Regime: TREND (Orion 2x). Score: 0.00. [WARMUP],WARMUP,-48.991193,DIP,0.00,False
1704113520.0,TREND,NO_GO,HOLD,0.00,NORMAL,SMALL,DEGEN,1.0,1.50,Aegean:FLAT(0.30)|Orion:FLAT(0.00),Regime: TREND (Orion 2x). Score: 0.00. [WARMUP],WARMUP,-48.991193,DIP,0.00,False
1704113580.0,TREND,NO_GO,HOLD,0.00,NORMAL,SMALL,DEGEN,1.0,1.50,Aegean:FLAT(0.30)|Orion:FLAT(0.00),Regime: TREND (Orion 2x). Score: 0.00. [WARMUP],WARMUP,-48.991193,DIP,0.00,False
1704113640.0,TREND,NO_GO,HOLD,0.00,NORMAL,SMALL,DEGEN,1.0,1.50,Aegean:FLAT(0.30)|Orion:FLAT(0.00),Regime: TREND (Orion 2x). Score: 0.00. [WARMUP],WARMUP,-48.991193,DIP,0.00,False
1704113700.0,TREND,NO_GO,HOLD,0.00,NORMAL,SMALL,DEGEN,1.0,1.50,Aegean:FLAT(0.30)|Orion:FLAT(0.00),Regime: TREND (Orion 2x). Score: 0.00. [WARMUP],WARMUP,-48.991193,DIP,0.00,False
1704113760.0,TREND,NO_GO,HOLD,0.00,NORMAL,SMALL,DEGEN,1.0,1.50,Aegean:FLAT(0.30)|Orion:FLAT(0.00),Regime: TREND (Orion 2x). Score: 0.00. [WARMUP],WARMUP,-48.991193,DIP,0.00,False
1704113820.0,TREND,NO_GO,HOLD,0.00,NORMAL,SMALL,DEGEN,1.0,1.50,Aegean:FLAT(0.30)|Orion:FLAT(0.00),Regime: TREND (Orion 2x). Score: 0.00. [WARMUP],WARMUP,-48.991193,DIP,0.00,False
1704113880.0,TREND,NO_GO,HOLD,0.00,NORMAL,SMALL,DEGEN,1.0,1.50,Aegean:FLAT(0.30)|Orion:FLAT(0.00),Regime: TREND (Orion 2x). Score: 0.00. [WARMUP],WARMUP,-48.991193,DIP,0.00,False
1704113940.0,TREND,NO_GO,HOLD,0.00,NORMAL,SMALL,DEGEN,1.0,1.50,Aegean:FLAT(0.30)|Orion:FLAT(0.00),Regime: TREND (Orion 2x). Score: 0.00. [WARMUP],WARMUP,-48.991193,DIP,0.00,False
1704114000.0,TREND,NO_GO,HOLD,0.00,NORMAL,SMALL,DEGEN,1.0,1.50,Aegean:FLAT(0.30)|Orion:FLAT(0.00),Regime: TREND (Orion 2x). Score: 0.00. [WARMUP],WARMUP,-48.991193,DIP,0.00,False
1704114060.0,TREND,NO_GO,HOLD,0.00,NORMAL,SMALL,DEGEN,1.0,1.50,Aegean:FLAT(0.30)|Orion:FLAT(0.00),Regime: TREND (Orion 2x). Score: 0.00. [WARMUP],WARMUP,-48.991193,DIP,0.00,False
1704114120.0,TREND,NO_GO,HOLD,0.00,NORMAL,SMALL,DEGEN,1.0,1.50,Aegean:FLAT(0.30)|Orion:FLAT(0.00),Regime: TREND (Orion 2x). Score: 0.00. [WARMUP],WARMUP,-48.991193,DIP,0.00,False
1704114180.0,TREND,NO_GO,HOLD,0.00,NORMAL,SMALL,DEGEN,1.0,1.50,Aegean:FLAT(0.30)|Orion:FLAT(0.00),Regime: TREND (Orion 2x). Score: 0.00. [WARMUP],WARMUP,-48.991193,DIP,0.00,False
1704114240.0,TREND,NO_GO,HOLD,0.00,NORMAL,SMALL,DEGEN,1.0,1.50,Aegean:FLAT(0.30)|Orion:FLAT(0.00),Regime: TREND (Orion 2x). Score: 0.00. [WARMUP],WARMUP,-48.991193,DIP,0.00,False
1704114300.0,TREND,NO_GO,HOLD,0.00,NORMAL,SMALL,DEGEN,1.0,1.50,Aegean:FLAT(0.30)|Orion:FLAT(0.00),Regime: TREND (Orion 2x). Score: 0.00. [WARMUP],WARMUP,-48.991193,DIP,0.00,False
1704114360.0,TREND,NO_GO,HOLD,0.00,NORMAL,SMALL,DEGEN,1.0,1.50,Aegean:FLAT(0.30)|Orion:FLAT(0.00),Regime: TREND (Orion 2x). Score: 0.00. [WARMUP],WARMUP,-48.991193,DIP,0.00,False
1704114420.0,TREND,NO_GO,HOLD,0.00,NORMAL,SMALL,DEGEN,1.0,1.50,Aegean:FLAT(0.30)|Orion:FLAT(0.00),Regime: TREND (Orion 2x). Score: 0.00. [WARMUP],WARMUP,-48.991193,DIP,0.00,False
1704114480.0,TREND,NO_GO,HOLD,0.00,NORMAL,SMALL,DEGEN,1.0,1.50,Aegean:FLAT(0.30)|Orion:FLAT(0.00),Regime: TREND (Orion 2x). Score: 0.00. [WARMUP],WARMUP,-48.991193,DIP,0.00,False
1704114540.0,TREND,NO_GO,HOLD,0.00,NORMAL,SMALL,DEGEN,1.0,1.50,Aegean:FLAT(0.30)|Orion:FLAT(0.00),Regime: TREND (Orion 2x). Score: 0.00. [WARMUP],WARMUP,-48.991193,DIP,0.00,False
1704114600.0,TREND,NO_GO,HOLD,0.00,NORMAL,SMALL,DEGEN,1.0,1.50,Aegean:FLAT(0.30)|Orion:FLAT(0.00),Regime: TREND (Orion 2x). Score: 0.00. [WARMUP],WARMUP,-48.991193,DIP,0.00,False
1704114660.0,TREND,NO_GO,HOLD,0.00,NORMAL,SMALL,DEGEN,1.0,1.50,Aegean:FLAT(0.30)|Orion:FLAT(0.00),Regime: TREND (Orion 2x). Score: 0.00. [WARMUP],WARMUP,-48.991193,DIP,0.00,False
1704114720.0,TREND,NO_GO,HOLD,0.00,NORMAL,SMALL,DEGEN,1.0,1.50,Aegean:FLAT(0.30)|Orion:FLAT(0.00),Regime: TREND (Orion 2x). Score: 0.00. [WARMUP],WARMUP,-48.991193,DIP,0.00,False
1704114780.0,TREND,NO_GO,HOLD,0.00,NORMAL,SMALL,DEGEN,1.0,1.50,Aegean:FLAT(0.30)|Orion:FLAT(0.00),Regime: TREND (Orion 2x). Score: 0.00. [WARMUP],WARMUP,-48.991193,DIP,0.00,False
1704114840.0,TREND,NO_GO,HOLD,0.00,NORMAL,SMALL,DEGEN,1.0,1.50,Aegean:FLAT(0.30)|Orion:FLAT(0.00),Regime: TREND (Orion 2x). Score: 0.00. [WARMUP],WARMUP,-48.991193,DIP,0.00,False
1704114900.0,TREND,NO_GO,HOLD,0.00,NORMAL,SMALL,DEGEN,1.0,1.50,Aegean:FLAT(0.30)|Orion:FLAT(0.00),Regime: TREND (Orion 2x). Score: 0.00. [WARMUP],WARMUP,-48.991193,DIP,0.00,False
1704114960.0,TREND,NO_GO,HOLD,0.00,NORMAL,SMALL,DEGEN,1.0,1.50,Aegean:FLAT(0.30)|Orion:FLAT(0.00),Regime: TREND (Orion 2x). Score: 0.00. [WARMUP],WARMUP,-48.991193,DIP,0.00,False
1704115020.0,TREND,NO_GO,HOLD,0.00,NORMAL,SMALL,DEGEN,1.0,1.50,Aegean:FLAT(0.30)|Orion:FLAT(0.00),Regime: TREND (Orion 2x). Score: 0.00. [WARMUP],WARMUP,-48.991193,DIP,0.00,False
1704115080.0,TREND,GO,SELL,66.67,NORMAL,SMALL,DEGEN,3.0,1.50,Aegean:FLAT(0.30)|Orion:SHORT(1.00),Regime: TREND (Orion 2x). Score: -0.67. Bearish Consensus.,,-48.991193,DIP,100.00,True
1704115680.0,TREND,GO,SELL,66.67,NORMAL,SMALL,DEGEN,3.0,1.50,Aegean:FLAT(0.30)|Orion:SHORT(1.00),Regime: TREND (Orion 2x). Score: -0.67. Bearish Consensus.,,-48.991193,DIP,100.00,True
1704116220.0,TREND,GO,SELL,66.67,AGGRESSIVE,SMALL,DEGEN,3.0,2.25,Aegean:FLAT(0.30)|Orion:SHORT(1.00),Regime: TREND (Orion 2x). Score: -0.67. Bearish Consensus.,,-48.991193,DIP,100.00,True
1704116760.0,TREND,GO,SELL,66.67,AGGRESSIVE,SMALL,DEGEN,3.0,2.25,Aegean:FLAT(0.30)|Orion:SHORT(1.00),Regime: TREND (Orion 2x). Score: -0.67. Bearish Consensus.,,-48.991193,DIP,100.00,True
1704117300.0,TREND,GO,SELL,66.67,AGGRESSIVE,SMALL,DEGEN,3.0,2.25,Aegean:FLAT(0.30)|Orion:SHORT(1.00),Regime: TREND (Orion 2x). Score: -0.67. Bearish Consensus.,,-48.991193,DIP,100.00,True
1704117780.0,TREND,GO,SELL,66.67,AGGRESSIVE,SMALL,DEGEN,3.0,2.25,Aegean:FLAT(0.30)|Orion:SHORT(1.00),Regime: TREND (Orion 2x). Score: -0.67. Bearish Consensus.,,-48.991193,DIP,100.00,True
1704118260.0,TREND,GO,SELL,66.67,AGGRESSIVE,SMALL,DEGEN,3.0,2.25,Aegean:FLAT(0.30)|Orion:SHORT(1.00),Regime: TREND (Orion 2x). Score: -0.67. Bearish Consensus.,,-48.991193,DIP,100.00,True
1704118740.0,TREND,GO,SELL,66.67,AGGRESSIVE,SMALL,DEGEN,3.0,2.25,Aegean:FLAT(0.30)|Orion:SHORT(1.00),Regime: TREND (Orion 2x). Score: -0.67. Bearish Consensus.,,-48.991193,DIP,100.00,True
1704119160.0,TREND,GO,SELL,66.67,AGGRESSIVE,SMALL,DEGEN,3.0,2.25,Aegean:FLAT(0.30)|Orion:SHORT(1.00),Regime: TREND (Orion 2x). Score: -0.67. Bearish Consensus.,,-48.991193,DIP,100.00,True
1704119580.0,TREND,GO,SELL,66.67,AGGRESSIVE,SMALL,DEGEN,3.0,2.25,Aegean:FLAT(0.30)|Orion:SHORT(1.00),Regime: TREND (Orion 2x). Score: -0.67. Bearish Consensus.,,-48.991193,DIP,100.00,True
1704120000.0,TREND,GO,SELL,66.67,AGGRESSIVE,SMALL,DEGEN,3.0,2.25,Aegean:FLAT(0.30)|Orion:SHORT(1.00),Regime: TREND (Orion 2x). Score: -0.67. Bearish Consensus.,,-48.991193,DIP,100.00,True
1704120360.0,TREND,GO,SELL,66.67,AGGRESSIVE,SMALL,DEGEN,3.0,2.25,Aegean:FLAT(0.30)|Orion:SHORT(1.00),Regime: TREND (Orion 2x). Score: -0.67. Bearish Consensus.,,-48.991193,DIP,100.00,True
1704120720.0,TREND,GO,SELL,66.67,AGGRESSIVE,SMALL,DEGEN,3.0,2.25,Aegean:FLAT(0.30)|Orion:SHORT(1.00),Regime: TREND (Orion 2x). Score: -0.67. Bearish Consensus.,,-48.991193,DIP,100.00,True
1704121080.0,TREND,GO,SELL,66.67,AGGRESSIVE,SMALL,DEGEN,3.0,2.25,Aegean:FLAT(0.30)|Orion:SHORT(1.00),Regime: TREND (Orion 2x). Score: -0.67. Bearish Consensus.,,-48.991193,DIP,100.00,True
