Timestamp,Regime,Decision,Direction,Conviction,Mode,CapitalProfile,RiskStyle,Lev,Mult,Votes,Rationale,BlockReason,AegeanSlope,AegeanZone,OrionADX,OrionTrend,ExpMove,Cost,SafetyFactor,Score
1704056460.0,CHOP,NO_GO,HOLD,0.00,NORMAL,PRO,DEFENSIVE,1.0,0.50,Aegean:FLAT(0.00)|Orion:FLAT(0.00),Regime: CHOP (Reduced Weights). Score: 0.00. [WARMUP],WARMUP,0.000000,N/A,0.00,False,0.0,0.0,0.00,0.00
1704056520.0,CHOP,NO_GO,HOLD,0.00,NORMAL,PRO,DEFENSIVE,1.0,0.50,Aegean:FLAT(0.00)|Orion:FLAT(0.00),Regime: CHOP (Reduced Weights). Score: 0.00. [WARMUP],WARMUP,0.000000,N/A,0.00,False,0.0,0.0,0.00,0.00
1704056580.0,CHOP,NO_GO,HOLD,0.00,NORMAL,PRO,DEFENSIVE,1.0,0.50,Aegean:FLAT(0.00)|Orion:FLAT(0.00),Regime: CHOP (Reduced Weights). Score: 0.00. [WARMUP],WARMUP,0.000000,N/A,0.00,False,0.0,0.0,0.00,0.00
1704056640.0,CHOP,NO_GO,HOLD,0.00,NORMAL,PRO,DEFENSIVE,1.0,0.50,Aegean:FLAT(0.00)|Orion:FLAT(0.00),Regime: CHOP (Reduced Weights). Score: 0.00. [WARMUP],WARMUP,0.000000,N/A,0.00,False,0.0,0.0,0.00,0.00
1704056700.0,CHOP,NO_GO,HOLD,0.00,NORMAL,PRO,DEFENSIVE,1.0,0.50,Aegean:FLAT(0.00)|Orion:FLAT(0.00),Regime: CHOP (Reduced Weights). Score: 0.00. [WARMUP],WARMUP,0.000000,N/A,0.00,False,0.0,0.0,0.00,0.00
1704056760.0,CHOP,NO_GO,HOLD,0.00,NORMAL,PRO,DEFENSIVE,1.0,0.50,Aegean:FLAT(0.00)|Orion:FLAT(0.00),Regime: CHOP (Reduced Weights). Score: 0.00. [WARMUP],WARMUP,0.000000,N/A,0.00,False,0.0,0.0,0.00,0.00
1704056820.0,CHOP,NO_GO,HOLD,0.00,NORMAL,PRO,DEFENSIVE,1.0,0.50,Aegean:FLAT(0.00)|Orion:FLAT(0.00),Regime: CHOP (Reduced Weights). Score: 0.00. [WARMUP],WARMUP,0.000000,N/A,0.00,False,0.0,0.0,0.00,0.00
1704056880.0,CHOP,NO_GO,HOLD,0.00,NORMAL,PRO,DEFENSIVE,1.0,0.50,Aegean:FLAT(0.00)|Orion:FLAT(0.00),Regime: CHOP (Reduced Weights). Score: 0.00. [WARMUP],WARMUP,0.000000,N/A,0.00,False,0.0,0.0,0.00,0.00
1704056940.0,CHOP,NO_GO,HOLD,0.00,NORMAL,PRO,DEFENSIVE,1.0,0.50,Aegean:FLAT(0.00)|Orion:FLAT(0.00),Regime: CHOP (Reduced Weights). Score: 0.00. [WARMUP],WARMUP,0.000000,N/A,0.00,False,0.0,0.0,0.00,0.00
1704057000.0,CHOP,NO_GO,HOLD,0.00,NORMAL,PRO,DEFENSIVE,1.0,0.50,Aegean:FLAT(0.00)|Orion:FLAT(0.00),Regime: CHOP (Reduced Weights). Score: 0.00. [WARMUP],WARMUP,0.000000,N/A,0.00,False,0.0,0.0,0.00,0.00
1704057060.0,CHOP,NO_GO,HOLD,0.00,NORMAL,PRO,DEFENSIVE,1.0,0.50,Aegean:FLAT(0.00)|Orion:FLAT(0.00),Regime: CHOP (Reduced Weights). Score: 0.00. [WARMUP],WARMUP,0.000000,N/A,0.00,False,0.0,0.0,0.00,0.00
1704057120.0,CHOP,NO_GO,HOLD,0.00,NORMAL,PRO,DEFENSIVE,1.0,0.50,Aegean:FLAT(0.00)|Orion:FLAT(0.00),Regime: CHOP (Reduced Weights). Score: 0.00. [WARMUP],WARMUP,0.000000,N/A,0.00,False,0.0,0.0,0.00,0.00
1704057180.0,CHOP,NO_GO,HOLD,0.00,NORMAL,PRO,DEFENSIVE,1.0,0.50,Aegean:FLAT(0.00)|Orion:FLAT(0.00),Regime: CHOP (Reduced Weights). Score: 0.00. [WARMUP],WARMUP,0.000000,N/A,0.00,False,0.0,0.0,0.00,0.00
1704057240.0,CHOP,NO_GO,HOLD,0.00,NORMAL,PRO,DEFENSIVE,1.0,0.50,Aegean:FLAT(0.00)|Orion:FLAT(0.00),Regime: CHOP (Reduced Weights). Score: 0.00. [WARMUP],WARMUP,0.000000,N/A,0.00,False,0.0,0.0,0.00,0.00
1704057300.0,CHOP,NO_GO,HOLD,0.00,NORMAL,PRO,DEFENSIVE,1.0,0.50,Aegean:FLAT(0.00)|Orion:FLAT(0.00),Regime: CHOP (Reduced Weights). Score: 0.00. [WARMUP],WARMUP,0.000000,N/A,0.00,False,0.0,0.0,0.00,0.00
1704057360.0,CHOP,NO_GO,HOLD,0.00,NORMAL,PRO,DEFENSIVE,1.0,0.50,Aegean:FLAT(0.00)|Orion:FLAT(0.00),Regime: CHOP (Reduced Weights). Score: 0.00. [WARMUP],WARMUP,0.000000,N/A,0.00,False,0.0,0.0,0.00,0.00
1704057420.0,CHOP,NO_GO,HOLD,0.00,NORMAL,PRO,DEFENSIVE,1.0,0.50,Aegean:FLAT(0.00)|Orion:FLAT(0.00),Regime: CHOP (Reduced Weights). Score: 0.00. [WARMUP],WARMUP,0.000000,N/A,0.00,False,0.0,0.0,0.00,0.00
1704057480.0,CHOP,NO_GO,HOLD,0.00,NORMAL,PRO,DEFENSIVE,1.0,0.50,Aegean:FLAT(0.00)|Orion:FLAT(0.00),Regime: CHOP (Reduced Weights). Score: 0.00. [WARMUP],WARMUP,0.000000,N/A,0.00,False,0.0,0.0,0.00,0.00
1704057540.0,CHOP,NO_GO,HOLD,0.00,NORMAL,PRO,DEFENSIVE,1.0,0.50,Aegean:FLAT(0.00)|Orion:FLAT(0.00),Regime: CHOP (Reduced Weights). Score: 0.00. [WARMUP],WARMUP,0.000000,N/A,0.00,False,0.0,0.0,0.00,0.00
1704057600.0,CHOP,NO_GO,HOLD,0.00,NORMAL,PRO,DEFENSIVE,1.0,0.50,Aegean:FLAT(0.00)|Orion:FLAT(0.00),Regime: CHOP (Reduced Weights). Score: 0.00. [WARMUP],WARMUP,0.000000,N/A,0.00,False,0.0,0.0,0.00,0.00
1704057660.0,CHOP,NO_GO,HOLD,0.00,NORMAL,PRO,DEFENSIVE,1.0,0.50,Aegean:FLAT(0.00)|Orion:FLAT(0.00),Regime: CHOP (Reduced Weights). Score: 0.00. [WARMUP],WARMUP,0.000000,N/A,0.00,False,0.0,0.0,0.00,0.00
1704057720.0,CHOP,NO_GO,HOLD,0.00,NORMAL,PRO,DEFENSIVE,1.0,0.50,Aegean:FLAT(0.00)|Orion:FLAT(0.00),Regime: CHOP (Reduced Weights). Score: 0.00. [WARMUP],WARMUP,0.000000,N/A,0.00,False,0.0,0.0,0.00,0.00
1704057780.0,CHOP,NO_GO,HOLD,0.00,NORMAL,PRO,DEFENSIVE,1.0,0.50,Aegean:FLAT(0.00)|Orion:FLAT(0.00),Regime: CHOP (Reduced Weights). Score: 0.00. [WARMUP],WARMUP,0.000000,N/A,0.00,False,0.0,0.0,0.00,0.00
1704057840.0,CHOP,NO_GO,HOLD,0.00,NORMAL,PRO,DEFENSIVE,1.0,0.50,Aegean:FLAT(0.50)|Orion:FLAT(0.00),Regime: CHOP (Reduced Weights). Score: 0.00. [WARMUP],WARMUP,3.745476,MID,0.00,False,0.0,0.0,0.00,0.00
1704057900.0,CHOP,NO_GO,HOLD,0.00,NORMAL,PRO,DEFENSIVE,1.0,0.50,Aegean:FLAT(0.50)|Orion:FLAT(0.00),Regime: CHOP (Reduced Weights). Score: 0.00. [WARMUP],WARMUP,2.279241,MID,0.00,False,0.0,0.0,0.00,0.00
1704057960.0,CHOP,NO_GO,HOLD,0.00,NORMAL,PRO,DEFENSIVE,1.0,0.50,Aegean:FLAT(0.50)|Orion:FLAT(0.00),Regime: CHOP (Reduced Weights). Score: 0.00. [WARMUP],WARMUP,1.456456,MID,0.00,False,0.0,0.0,0.00,0.00
1704058020.0,CHOP,NO_GO,HOLD,0.00,NORMAL,PRO,DEFENSIVE,1.0,0.50,Aegean:FLAT(0.50)|Orion:FLAT(0.00),Regime: CHOP (Reduced Weights). Score: 0.00. [WARMUP],WARMUP,2.051079,MID,0.00,False,0.0,0.0,0.00,0.00
1704058080.0,CHOP,NO_GO,HOLD,0.00,NORMAL,PRO,DEFENSIVE,1.0,0.50,Aegean:FLAT(0.50)|Orion:FLAT(0.00),Regime: CHOP (Reduced Weights). Score: 0.00. [WARMUP],WARMUP,0.925262,MID,0.00,False,0.0,0.0,0.00,0.00
1704058140.0,CHOP,NO_GO,HOLD,0.00,NORMAL,PRO,DEFENSIVE,1.0,0.50,Aegean:FLAT(0.50)|Orion:FLAT(0.00),Regime: CHOP (Reduced Weights). Score: 0.00. [WARMUP],WARMUP,0.561904,MID,0.00,False,0.0,0.0,0.00,0.00
1704058200.0,CHOP,NO_GO,HOLD,0.00,NORMAL,PRO,DEFENSIVE,1.0,0.50,Aegean:FLAT(0.50)|Orion:FLAT(0.00),Regime: CHOP (Reduced Weights). Score: 0.00. [WARMUP],WARMUP,-0.206849,MID,0.00,False,0.0,0.0,0.00,0.00
1704058260.0,CHOP,NO_GO,HOLD,0.00,NORMAL,PRO,DEFENSIVE,1.0,0.50,Aegean:FLAT(0.50)|Orion:FLAT(0.00),Regime: CHOP (Reduced Weights). Score: 0.00. [WARMUP],WARMUP,-1.880483,MID,0.00,False,0.0,0.0,0.00,0.00
1704058320.0,CHOP,NO_GO,HOLD,0.00,NORMAL,PRO,DEFENSIVE,1.0,0.50,Aegean:FLAT(0.50)|Orion:FLAT(0.00),Regime: CHOP (Reduced Weights). Score: 0.00. [WARMUP],WARMUP,-2.006151,DIP,0.00,False,0.0,0.0,0.00,0.00
1704058380.0,CHOP,NO_GO,HOLD,0.00,NORMAL,PRO,DEFENSIVE,1.0,0.50,Aegean:FLAT(0.50)|Orion:FLAT(0.00),Regime: CHOP (Reduced Weights). Score: 0.00. [WARMUP],WARMUP,-2.700803,DIP,0.00,False,0.0,0.0,0.00,0.00
1704058440.0,CHOP,NO_GO,HOLD,0.00,NORMAL,PRO,DEFENSIVE,1.0,0.50,Aegean:FLAT(0.50)|Orion:FLAT(0.00),Regime: CHOP (Reduced Weights). Score: 0.00. [WARMUP],WARMUP,-1.634060,DIP,0.00,False,0.0,0.0,0.00,0.00
1704058500.0,CHOP,NO_GO,HOLD,0.00,NORMAL,PRO,DEFENSIVE,1.0,0.50,Aegean:FLAT(0.50)|Orion:FLAT(0.00),Regime: CHOP (Reduced Weights). Score: 0.00. [WARMUP],WARMUP,-3.455578,DIP,0.00,False,0.0,0.0,0.00,0.00
1704058560.0,CHOP,NO_GO,HOLD,0.00,NORMAL,PRO,DEFENSIVE,1.0,0.50,Aegean:FLAT(0.50)|Orion:FLAT(0.00),Regime: CHOP (Reduced Weights). Score: 0.00. [WARMUP],WARMUP,-3.675047,DIP,0.00,False,0.0,0.0,0.00,0.00
1704058620.0,CHOP,NO_GO,HOLD,0.00,NORMAL,PRO,DEFENSIVE,1.0,0.50,Aegean:FLAT(0.50)|Orion:FLAT(0.00),Regime: CHOP (Reduced Weights). Score: 0.00. [WARMUP],WARMUP,-2.780280,DIP,0.00,False,0.0,0.0,0.00,0.00
1704058680.0,CHOP,NO_GO,HOLD,0.00,NORMAL,PRO,DEFENSIVE,1.0,0.50,Aegean:FLAT(0.50)|Orion:FLAT(0.00),Regime: CHOP (Reduced Weights). Score: 0.00. [WARMUP],WARMUP,-2.761206,DIP,0.00,False,0.0,0.0,0.00,0.00
1704058740.0,CHOP,NO_GO,HOLD,0.00,NORMAL,PRO,DEFENSIVE,1.0,0.50,Aegean:FLAT(0.50)|Orion:FLAT(0.00),Regime: CHOP (Reduced Weights). Score: 0.00. [WARMUP],WARMUP,0.938909,MID,0.00,False,0.0,0.0,0.00,0.00
1704058800.0,CHOP,NO_GO,HOLD,0.00,NORMAL,PRO,DEFENSIVE,1.0,0.50,Aegean:FLAT(0.50)|Orion:FLAT(0.00),Regime: CHOP (Reduced Weights). Score: 0.00. [WARMUP],WARMUP,-1.044756,MID,0.00,False,0.0,0.0,0.00,0.00
1704058860.0,CHOP,NO_GO,HOLD,0.00,NORMAL,PRO,DEFENSIVE,1.0,0.50,Aegean:FLAT(0.50)|Orion:FLAT(0.00),Regime: CHOP (Reduced Weights). Score: 0.00. [WARMUP],WARMUP,0.424988,MID,0.00,False,0.0,0.0,0.00,0.00
1704058920.0,CHOP,NO_GO,HOLD,0.00,NORMAL,PRO,DEFENSIVE,1.0,0.50,Aegean:FLAT(0.50)|Orion:FLAT(0.00),Regime: CHOP (Reduced Weights). Score: 0.00. [WARMUP],WARMUP,-1.197411,MID,0.00,False,0.0,0.0,0.00,0.00
1704058980.0,CHOP,NO_GO,HOLD,0.00,NORMAL,PRO,DEFENSIVE,1.0,0.50,Aegean:FLAT(0.50)|Orion:FLAT(0.00),Regime: CHOP (Reduced Weights). Score: 0.00. [WARMUP],WARMUP,1.601165,MID,0.00,False,0.0,0.0,0.00,0.00
1704059040.0,CHOP,NO_GO,HOLD,0.00,NORMAL,PRO,DEFENSIVE,1.0,0.50,Aegean:FLAT(0.50)|Orion:FLAT(0.00),Regime: CHOP (Reduced Weights). Score: 0.00. [WARMUP],WARMUP,-0.228469,MID,0.00,False,0.0,0.0,0.00,0.00
1704059100.0,CHOP,NO_GO,HOLD,0.00,NORMAL,PRO,DEFENSIVE,1.0,0.50,Aegean:FLAT(0.50)|Orion:FLAT(0.00),Regime: CHOP (Reduced Weights). Score: 0.00. [WARMUP],WARMUP,-1.919785,MID,0.00,False,0.0,0.0,0.00,0.00
1704059160.0,CHOP,NO_GO,HOLD,0.00,NORMAL,PRO,DEFENSIVE,1.0,0.50,Aegean:FLAT(0.50)|Orion:FLAT(0.00),Regime: CHOP (Reduced Weights). Score: 0.00. [WARMUP],WARMUP,-2.803056,MID,0.00,False,0.0,0.0,0.00,0.00
1704059220.0,CHOP,NO_GO,HOLD,0.00,NORMAL,PRO,DEFENSIVE,1.0,0.50,Aegean:FLAT(0.50)|Orion:FLAT(0.00),Regime: CHOP (Reduced Weights). Score: 0.00. [WARMUP],WARMUP,-1.880266,MID,0.00,False,0.0,0.0,0.00,0.00
1704059280.0,CHOP,NO_GO,HOLD,0.00,NORMAL,PRO,DEFENSIVE,1.0,0.50,Aegean:FLAT(0.50)|Orion:FLAT(0.00),Regime: CHOP (Reduced Weights). Score: 0.00. [WARMUP],WARMUP,-2.191129,MID,0.00,False,0.0,0.0,0.00,0.00
1704059340.0,TREND,NO_GO,HOLD,0.00,NORMAL,PRO,DEFENSIVE,1.0,0.50,Aegean:FLAT(0.50)|Orion:FLAT(0.00),Regime: TREND (Orion 2x). Score: 0.00. [WARMUP],WARMUP,-1.625489,MID,0.00,False,0.0,0.0,0.00,0.00
1704059400.0,TREND,NO_GO,HOLD,0.00,NORMAL,PRO,DEFENSIVE,1.0,0.50,Aegean:FLAT(0.50)|Orion:FLAT(0.00),Regime: TREND (Orion 2x). Score: 0.00. [WARMUP],WARMUP,-1.548627,MID,0.00,False,0.0,0.0,0.00,0.00
1704059460.0,TREND,NO_GO,HOLD,0.00,NORMAL,PRO,DEFENSIVE,1.0,0.50,Aegean:FLAT(0.50)|Orion:FLAT(0.00),Regime: TREND (Orion 2x). Score: 0.00. [WARMUP],WARMUP,-2.928547,MID,0.00,False,0.0,0.0,0.00,0.00
1704059520.0,TREND,NO_GO,HOLD,0.00,NORMAL,PRO,DEFENSIVE,1.0,0.50,Aegean:FLAT(0.50)|Orion:FLAT(0.00),Regime: TREND (Orion 2x). Score: 0.00. [WARMUP],WARMUP,-3.040852,MID,0.00,False,0.0,0.0,0.00,0.00
1704059580.0,TREND,NO_GO,HOLD,0.00,NORMAL,PRO,DEFENSIVE,1.0,0.50,Aegean:FLAT(0.50)|Orion:FLAT(0.00),Regime: TREND (Orion 2x). Score: 0.00. [WARMUP],WARMUP,-3.244748,MID,0.00,False,0.0,0.0,0.00,0.00
1704059640.0,TREND,NO_GO,HOLD,0.00,NORMAL,PRO,DEFENSIVE,1.0,0.50,Aegean:FLAT(0.50)|Orion:FLAT(0.00),Regime: TREND (Orion 2x). Score: 0.00. [WARMUP],WARMUP,-3.284296,MID,0.00,False,0.0,0.0,0.00,0.00
1704059700.0,TREND,NO_GO,HOLD,0.00,NORMAL,PRO,DEFENSIVE,1.0,0.50,Aegean:FLAT(0.30)|Orion:FLAT(0.00),Regime: TREND (Orion 2x). Score: 0.00. [WARMUP],WARMUP,-4.673320,DIP,0.00,False,0.0,0.0,0.00,0.00
1704059760.0,TREND,NO_GO,HOLD,0.00,NORMAL,PRO,DEFENSIVE,1.0,0.50,Aegean:FLAT(0.50)|Orion:FLAT(0.00),Regime: TREND (Orion 2x). Score: 0.00. [WARMUP],WARMUP,-3.652824,DIP,0.00,False,0.0,0.0,0.00,0.00
1704059820.0,TREND,NO_GO,HOLD,0.00,NORMAL,PRO,DEFENSIVE,1.0,0.50,Aegean:FLAT(0.50)|Orion:FLAT(0.00),Regime: TREND (Orion 2x). Score: 0.00. [WARMUP],WARMUP,-3.061847,DIP,0.00,False,0.0,0.0,0.00,0.00
1704059880.0,TREND,NO_GO,HOLD,0.00,NORMAL,PRO,DEFENSIVE,1.0,0.50,Aegean:FLAT(0.50)|Orion:FLAT(0.00),Regime: TREND (Orion 2x). Score: 0.00. [WARMUP],WARMUP,-3.489882,DIP,0.00,False,0.0,0.0,0.00,0.00
1704059940.0,TREND,NO_GO,HOLD,0.00,NORMAL,PRO,DEFENSIVE,1.0,0.50,Aegean:FLAT(0.50)|Orion:FLAT(0.00),Regime: TREND (Orion 2x). Score: 0.00. [WARMUP],WARMUP,-4.240321,DIP,0.00,False,0.0,0.0,0.00,0.00
1704060000.0,TREND,NO_GO,HOLD,0.00,NORMAL,PRO,DEFENSIVE,1.0,0.50,Aegean:FLAT(0.30)|Orion:FLAT(0.00),Regime: TREND (Orion 2x). Score: 0.00. [WARMUP],WARMUP,-4.522902,DIP,0.00,False,0.0,0.0,0.00,0.00
1704060060.0,TREND,NO_GO,HOLD,0.00,NORMAL,PRO,DEFENSIVE,1.0,0.50,Aegean:FLAT(0.30)|Orion:FLAT(0.00),Regime: TREND (Orion 2x). Score: 0.00. [WARMUP],WARMUP,-5.128169,DIP,0.00,False,0.0,0.0,0.00,0.00
1704060120.0,TREND,NO_GO,HOLD,0.00,NORMAL,PRO,DEFENSIVE,1.0,0.50,Aegean:FLAT(0.50)|Orion:FLAT(0.00),Regime: TREND (Orion 2x). Score: 0.00. [WARMUP],WARMUP,-4.250228,MID,0.00,False,0.0,0.0,0.00,0.00
1704060180.0,TREND,NO_GO,HOLD,0.00,NORMAL,PRO,DEFENSIVE,1.0,0.50,Aegean:FLAT(0.50)|Orion:FLAT(0.00),Regime: TREND (Orion 2x). Score: 0.00. [WARMUP],WARMUP,-3.310346,MID,0.00,False,0.0,0.0,0.00,0.00
1704060240.0,TREND,NO_GO,HOLD,0.00,NORMAL,PRO,DEFENSIVE,1.0,0.50,Aegean:FLAT(0.50)|Orion:FLAT(0.00),Regime: TREND (Orion 2x). Score: 0.00. [WARMUP],WARMUP,-3.590784,MID,0.00,False,0.0,0.0,0.00,0.00
1704060300.0,TREND,NO_GO,HOLD,0.00,NORMAL,PRO,DEFENSIVE,1.0,0.50,Aegean:FLAT(0.50)|Orion:FLAT(0.00),Regime: TREND (Orion 2x). Score: 0.00. [WARMUP],WARMUP,-1.549917,MID,0.00,False,0.0,0.0,0.00,0.00
1704060360.0,TREND,NO_GO,HOLD,0.00,NORMAL,PRO,DEFENSIVE,1.0,0.50,Aegean:FLAT(0.50)|Orion:FLAT(0.00),Regime: TREND (Orion 2x). Score: 0.00. [WARMUP],WARMUP,-1.074245,MID,0.00,False,0.0,0.0,0.00,0.00
1704060420.0,TREND,NO_GO,HOLD,0.00,NORMAL,PRO,DEFENSIVE,1.0,0.50,Aegean:FLAT(0.50)|Orion:FLAT(0.00),Regime: TREND (Orion 2x). Score: 0.00. [WARMUP],WARMUP,1.941123,MID,0.00,False,0.0,0.0,0.00,0.00
1704060480.0,TREND,NO_GO,HOLD,0.00,NORMAL,PRO,DEFENSIVE,1.0,0.50,Aegean:FLAT(0.50)|Orion:FLAT(0.00),Regime: TREND (Orion 2x). Score: 0.00. [WARMUP],WARMUP,2.349427,TOP,0.00,False,0.0,0.0,0.00,0.00
1704060540.0,TREND,NO_GO,HOLD,0.00,NORMAL,PRO,DEFENSIVE,1.0,0.50,Aegean:FLAT(0.50)|Orion:FLAT(0.00),Regime: TREND (Orion 2x). Score: 0.00. [WARMUP],WARMUP,0.228674,MID,0.00,False,0.0,0.0,0.00,0.00
1704060600.0,TREND,NO_GO,HOLD,0.00,NORMAL,PRO,DEFENSIVE,1.0,0.50,Aegean:FLAT(0.50)|Orion:FLAT(0.00),Regime: TREND (Orion 2x). Score: 0.00. [WARMUP],WARMUP,-2.071320,MID,0.00,False,0.0,0.0,0.00,0.00
1704060660.0,TREND,NO_GO,HOLD,0.00,NORMAL,PRO,DEFENSIVE,1.0,0.50,Aegean:FLAT(0.50)|Orion:FLAT(0.00),Regime: TREND (Orion 2x). Score: 0.00. [WARMUP],WARMUP,-0.857427,MID,0.00,False,0.0,0.0,0.00,0.00
1704060720.0,TREND,NO_GO,HOLD,0.00,NORMAL,PRO,DEFENSIVE,1.0,0.50,Aegean:FLAT(0.50)|Orion:FLAT(0.00),Regime: TREND (Orion 2x). Score: 0.00. [WARMUP],WARMUP,-1.115992,MID,0.00,False,0.0,0.0,0.00,0.00
1704060780.0,TREND,NO_GO,HOLD,0.00,NORMAL,PRO,DEFENSIVE,1.0,0.50,Aegean:FLAT(0.50)|Orion:FLAT(0.00),Regime: TREND (Orion 2x). Score: 0.00. [WARMUP],WARMUP,-2.745088,MID,0.00,False,0.0,0.0,0.00,0.00
1704060840.0,TREND,NO_GO,HOLD,0.00,NORMAL,PRO,DEFENSIVE,1.0,0.50,Aegean:FLAT(0.50)|Orion:FLAT(0.00),Regime: TREND (Orion 2x). Score: 0.00. [WARMUP],WARMUP,-1.732331,MID,0.00,False,0.0,0.0,0.00,0.00
1704060900.0,TREND,NO_GO,HOLD,0.00,NORMAL,PRO,DEFENSIVE,1.0,0.50,Aegean:FLAT(0.50)|Orion:FLAT(0.00),Regime: TREND (Orion 2x). Score: 0.00. [WARMUP],WARMUP,-1.472470,MID,0.00,False,0.0,0.0,0.00,0.00
1704060960.0,TREND,NO_GO,HOLD,0.00,NORMAL,PRO,DEFENSIVE,1.0,0.50,Aegean:FLAT(0.50)|Orion:FLAT(0.00),Regime: TREND (Orion 2x). Score: 0.00. [WARMUP],WARMUP,-4.191797,DIP,0.00,False,0.0,0.0,0.00,0.00
1704061020.0,TREND,NO_GO,HOLD,0.00,NORMAL,PRO,DEFENSIVE,1.0,0.50,Aegean:FLAT(0.50)|Orion:FLAT(0.00),Regime: TREND (Orion 2x). Score: 0.00. [WARMUP],WARMUP,-3.303811,DIP,0.00,False,0.0,0.0,0.00,0.00
1704061080.0,TREND,NO_GO,HOLD,0.00,NORMAL,PRO,DEFENSIVE,1.0,0.50,Aegean:FLAT(0.50)|Orion:FLAT(0.00),Regime: TREND (Orion 2x). Score: 0.00. [WARMUP],WARMUP,-4.200416,DIP,0.00,False,0.0,0.0,0.00,0.00
1704061140.0,TREND,NO_GO,HOLD,0.00,NORMAL,PRO,DEFENSIVE,1.0,0.50,Aegean:FLAT(0.50)|Orion:FLAT(0.00),Regime: TREND (Orion 2x). Score: 0.00. [WARMUP],WARMUP,-2.968217,MID,0.00,False,0.0,0.0,0.00,0.00
1704061200.0,TREND,NO_GO,HOLD,0.00,NORMAL,PRO,DEFENSIVE,1.0,0.50,Aegean:FLAT(0.50)|Orion:FLAT(0.00),Regime: TREND (Orion 2x). Score: 0.00. [WARMUP],WARMUP,1.011313,MID,0.00,False,0.0,0.0,0.00,0.00
1704061260.0,TREND,NO_GO,HOLD,0.00,NORMAL,PRO,DEFENSIVE,1.0,0.50,Aegean:FLAT(0.50)|Orion:FLAT(0.00),Regime: TREND (Orion 2x). Score: 0.00. [WARMUP],WARMUP,1.950723,MID,0.00,False,0.0,0.0,0.00,0.00
1704061320.0,TREND,NO_GO,HOLD,0.00,NORMAL,PRO,DEFENSIVE,1.0,0.50,Aegean:FLAT(0.50)|Orion:FLAT(0.00),Regime: TREND (Orion 2x). Score: 0.00. [WARMUP],WARMUP,1.903518,MID,0.00,False,0.0,0.0,0.00,0.00
1704061380.0,TREND,NO_GO,HOLD,0.00,NORMAL,PRO,DEFENSIVE,1.0,0.50,Aegean:FLAT(0.50)|Orion:FLAT(0.00),Regime: TREND (Orion 2x). Score: 0.00. [WARMUP],WARMUP,1.056069,MID,0.00,False,0.0,0.0,0.00,0.00
1704061440.0,TREND,NO_GO,HOLD,0.00,NORMAL,PRO,DEFENSIVE,1.0,0.50,Aegean:FLAT(0.50)|Orion:FLAT(0.00),Regime: TREND (Orion 2x). Score: 0.00. [WARMUP],WARMUP,0.570416,MID,0.00,False,0.0,0.0,0.00,0.00
1704061500.0,TREND,NO_GO,HOLD,0.00,NORMAL,PRO,DEFENSIVE,1.0,0.50,Aegean:FLAT(0.50)|Orion:FLAT(0.00),Regime: TREND (Orion 2x). Score: 0.00. [WARMUP],WARMUP,0.563595,MID,0.00,False,0.0,0.0,0.00,0.00
1704061560.0,TREND,NO_GO,HOLD,0.00,NORMAL,PRO,DEFENSIVE,1.0,0.50,Aegean:FLAT(0.50)|Orion:FLAT(0.00),Regime: TREND (Orion 2x). Score: 0.00. [WARMUP],WARMUP,2.464049,MID,0.00,False,0.0,0.0,0.00,0.00
1704061620.0,TREND,NO_GO,HOLD,0.00,NORMAL,PRO,DEFENSIVE,1.0,0.50,Aegean:FLAT(0.50)|Orion:FLAT(0.00),Regime: TREND (Orion 2x). Score: 0.00. [WARMUP],WARMUP,4.032569,TOP,0.00,False,0.0,0.0,0.00,0.00
1704061680.0,CHOP,NO_GO,HOLD,0.00,NORMAL,PRO,DEFENSIVE,1.0,0.50,Aegean:FLAT(0.50)|Orion:FLAT(0.00),Regime: CHOP (Reduced Weights). Score: 0.00. [WARMUP],WARMUP,2.700848,TOP,0.00,False,0.0,0.0,0.00,0.00
1704061740.0,CHOP,NO_GO,HOLD,0.00,NORMAL,PRO,DEFENSIVE,1.0,0.50,Aegean:FLAT(0.50)|Orion:FLAT(0.00),Regime: CHOP (Reduced Weights). Score: 0.00. [WARMUP],WARMUP,3.906536,TOP,0.00,False,0.0,0.0,0.00,0.00
1704061800.0,CHOP,NO_GO,HOLD,0.00,NORMAL,PRO,DEFENSIVE,1.0,0.50,Aegean:FLAT(0.30)|Orion:FLAT(0.00),Regime: CHOP (Reduced Weights). Score: 0.00. [WARMUP],WARMUP,4.946567,TOP,0.00,False,0.0,0.0,0.00,0.00
1704061860.0,CHOP,NO_GO,HOLD,0.00,NORMAL,PRO,DEFENSIVE,1.0,0.50,Aegean:FLAT(0.50)|Orion:FLAT(0.00),Regime: CHOP (Reduced Weights). Score: 0.00. [WARMUP],WARMUP,2.997744,TOP,0.00,False,0.0,0.0,0.00,0.00
1704061920.0,CHOP,NO_GO,HOLD,0.00,NORMAL,PRO,DEFENSIVE,1.0,0.50,Aegean:FLAT(0.50)|Orion:FLAT(0.00),Regime: CHOP (Reduced Weights). Score: 0.00. [WARMUP],WARMUP,2.636407,TOP,0.00,False,0.0,0.0,0.00,0.00
1704061980.0,CHOP,NO_GO,HOLD,0.00,NORMAL,PRO,DEFENSIVE,1.0,0.50,Aegean:FLAT(0.50)|Orion:FLAT(0.00),Regime: CHOP (Reduced Weights). Score: 0.00. [WARMUP],WARMUP,0.536163,MID,0.00,False,0.0,0.0,0.00,0.00
1704062040.0,CHOP,NO_GO,HOLD,0.00,NORMAL,PRO,DEFENSIVE,1.0,0.50,Aegean:FLAT(0.50)|Orion:FLAT(0.00),Regime: CHOP (Reduced Weights). Score: 0.00. [WARMUP],WARMUP,0.517709,MID,0.00,False,0.0,0.0,0.00,0.00
1704062100.0,CHOP,NO_GO,HOLD,0.00,NORMAL,PRO,DEFENSIVE,1.0,0.50,Aegean:FLAT(0.50)|Orion:FLAT(0.00),Regime: CHOP (Reduced Weights). Score: 0.00. [WARMUP],WARMUP,0.232227,MID,0.00,False,0.0,0.0,0.00,0.00
1704062160.0,CHOP,NO_GO,HOLD,0.00,NORMAL,PRO,DEFENSIVE,1.0,0.50,Aegean:FLAT(0.50)|Orion:FLAT(0.00),Regime: CHOP (Reduced Weights). Score: 0.00. [WARMUP],WARMUP,0.522383,MID,0.00,False,0.0,0.0,0.00,0.00
1704062220.0,CHOP,NO_GO,HOLD,0.00,NORMAL,PRO,DEFENSIVE,1.0,0.50,Aegean:FLAT(0.50)|Orion:FLAT(0.00),Regime: CHOP (Reduced Weights). Score: 0.00. [WARMUP],WARMUP,-2.268512,MID,0.00,False,0.0,0.0,0.00,0.00
1704062280.0,CHOP,NO_GO,HOLD,0.00,NORMAL,PRO,DEFENSIVE,1.0,0.50,Aegean:FLAT(0.50)|Orion:FLAT(0.00),Regime: CHOP (Reduced Weights). Score: 0.00. [WARMUP],WARMUP,-2.035224,MID,0.00,False,0.0,0.0,0.00,0.00
1704062340.0,CHOP,NO_GO,HOLD,13.33,NORMAL,PRO,DEFENSIVE,1.0,0.50,Aegean:FLAT(0.50)|Orion:LONG(0.20),Regime: CHOP (Reduced Weights). Score: 0.13. Low Conviction (<0.35).,LOW_CONVICTION,2.011720,MID,15.80,False,0.0,0.0,0.00,0.00
1704062400.0,CHOP,NO_GO,HOLD,13.33,NORMAL,PRO,DEFENSIVE,1.0,0.50,Aegean:FLAT(0.50)|Orion:LONG(0.20),Regime: CHOP (Reduced Weights). Score: 0.13. Low Conviction (<0.35).,LOW_CONVICTION,2.271038,MID,14.93,False,0.0,0.0,0.00,0.00
1704062460.0,CHOP,NO_GO,HOLD,13.33,NORMAL,PRO,DEFENSIVE,1.0,0.50,Aegean:FLAT(0.50)|Orion:LONG(0.20),Regime: CHOP (Reduced Weights). Score: 0.13. Low Conviction (<0.35).,LOW_CONVICTION,1.947842,MID,14.12,False,0.0,0.0,0.00,0.00
1704062520.0,CHOP,NO_GO,HOLD,13.33,NORMAL,PRO,DEFENSIVE,1.0,0.50,Aegean:FLAT(0.50)|Orion:LONG(0.20),Regime: CHOP (Reduced Weights). Score: 0.13. Low Conviction (<0.35).,LOW_CONVICTION,1.009295,MID,13.23,False,0.0,0.0,0.00,0.00
1704062580.0,CHOP,NO_GO,HOLD,13.33,NORMAL,PRO,DEFENSIVE,1.0,0.50,Aegean:FLAT(0.50)|Orion:SHORT(0.20),Regime: CHOP (Reduced Weights). Score: -0.13. Low Conviction (<0.35).,LOW_CONVICTION,-2.170548,MID,13.65,False,0.0,0.0,0.00,0.00
1704062640.0,CHOP,NO_GO,HOLD,13.33,NORMAL,PRO,DEFENSIVE,1.0,0.50,Aegean:FLAT(0.30)|Orion:SHORT(0.20),Regime: CHOP (Reduced Weights). Score: -0.13. Low Conviction (<0.35).,LOW_CONVICTION,-5.575003,DIP,15.09,False,0.0,0.0,0.00,0.00
1704062700.0,CHOP,NO_GO,HOLD,13.33,NORMAL,PRO,DEFENSIVE,1.0,0.50,Aegean:FLAT(0.30)|Orion:SHORT(0.20),Regime: CHOP (Reduced Weights). Score: -0.13. Low Conviction (<0.35).,LOW_CONVICTION,-10.932872,DIP,17.62,False,0.0,0.0,0.00,0.00
1704062760.0,CHOP,GO,SELL,36.67,NORMAL,PRO,DEFENSIVE,1.0,0.50,Aegean:SHORT(0.70)|Orion:SHORT(0.20),Regime: CHOP (Reduced Weights). Score: -0.37. Bearish Consensus.,,-7.071947,MID,19.96,False,5.1,7.0,0.00,4.19
1704062820.0,CHOP,NO_GO,HOLD,13.33,NORMAL,PRO,DEFENSIVE,1.0,0.50,Aegean:FLAT(0.30)|Orion:SHORT(0.20),Regime: CHOP (Reduced Weights). Score: -0.13. Low Conviction (<0.35).,LOW_CONVICTION,-8.400760,DIP,22.13,False,0.0,0.0,0.00,0.00
1704062880.0,TREND,NO_GO,HOLD,13.33,NORMAL,PRO,DEFENSIVE,1.0,0.50,Aegean:FLAT(0.30)|Orion:SHORT(0.20),Regime: TREND (Orion 2x). Score: -0.13. Low Conviction (<0.35).,LOW_CONVICTION,-7.161170,DIP,24.17,False,0.0,0.0,0.00,0.00
1704062940.0,TREND,NO_GO,HOLD,10.44,NORMAL,PRO,DEFENSIVE,1.0,0.50,Aegean:FLAT(0.30)|Orion:SHORT(0.16),Regime: TREND (Orion 2x). Score: -0.10. Low Conviction (<0.35).,LOW_CONVICTION,-7.621070,DIP,26.27,True,0.0,0.0,0.00,0.00
1704063000.0,TREND,NO_GO,HOLD,14.58,NORMAL,PRO,DEFENSIVE,1.0,0.50,Aegean:FLAT(0.30)|Orion:SHORT(0.22),Regime: TREND (Orion 2x). Score: -0.15. Low Conviction (<0.35).,LOW_CONVICTION,-9.607070,DIP,28.75,True,0.0,0.0,0.00,0.00
1704063060.0,TREND,NO_GO,HOLD,20.62,NORMAL,PRO,DEFENSIVE,1.0,0.50,Aegean:FLAT(0.30)|Orion:SHORT(0.31),Regime: TREND (Orion 2x). Score: -0.21. Low Conviction (<0.35).,LOW_CONVICTION,-25.290600,DIP,32.37,True,0.0,0.0,0.00,0.00
1704063120.0,TREND,GO,SELL,50.24,NORMAL,PRO,DEFENSIVE,1.0,0.50,Aegean:SHORT(0.70)|Orion:SHORT(0.40),Regime: TREND (Orion 2x). Score: -0.50. Bearish Consensus.,,-30.377764,MID,36.14,True,15.4,7.0,0.00,10.11
1704132600.0,TREND,GO,BUY,56.65,NORMAL,SCALE,DEFENSIVE,1.0,0.50,Aegean:FLAT(0.30)|Orion:LONG(0.85),Regime: TREND (Orion 2x). Score: 0.57. Bullish Consensus.,,12.159189,TOP,53.99,True,10.0,7.0,0.00,10.33
1704132660.0,TREND,GO,BUY,58.70,NORMAL,SCALE,DEFENSIVE,1.0,0.50,Aegean:FLAT(0.30)|Orion:LONG(0.88),Regime: TREND (Orion 2x). Score: 0.59. Bullish Consensus.,,10.900730,TOP,55.22,True,9.9,7.0,0.00,10.36
1704132720.0,TREND,GO,BUY,61.07,NORMAL,SCALE,DEFENSIVE,1.0,0.50,Aegean:FLAT(0.30)|Orion:LONG(0.92),Regime: TREND (Orion 2x). Score: 0.61. Bullish Consensus.,,13.591156,TOP,56.64,True,10.5,7.0,0.00,10.96
1704132780.0,TREND,GO,BUY,63.92,NORMAL,SCALE,DEFENSIVE,1.0,0.50,Aegean:FLAT(0.30)|Orion:LONG(0.96),Regime: TREND (Orion 2x). Score: 0.64. Bullish Consensus.,,18.761387,TOP,58.35,True,11.4,7.0,0.00,11.95
1704132840.0,TREND,GO,BUY,66.58,NORMAL,SCALE,DEFENSIVE,1.0,0.50,Aegean:FLAT(0.30)|Orion:LONG(1.00),Regime: TREND (Orion 2x). Score: 0.67. Bullish Consensus.,,14.692621,TOP,59.95,True,11.3,7.0,0.00,11.64
1704132900.0,TREND,GO,BUY,66.67,NORMAL,SCALE,DEFENSIVE,1.0,0.50,Aegean:FLAT(0.30)|Orion:LONG(1.00),Regime: TREND (Orion 2x). Score: 0.67. Bullish Consensus.,,20.572986,TOP,61.79,True,13.0,7.0,0.00,12.75
1704132960.0,TREND,GO,BUY,90.00,NORMAL,SCALE,DEFENSIVE,1.0,0.50,Aegean:LONG(0.70)|Orion:LONG(1.00),Regime: TREND (Orion 2x). Score: 0.90. Bullish Consensus.,,11.420997,MID,63.36,True,14.3,7.0,0.00,11.73
1704155820.0,TREND,NO_GO,HOLD,34.29,NORMAL,PRO,DEFENSIVE,1.0,0.50,Aegean:FLAT(0.50)|Orion:LONG(0.51),Regime: TREND (Orion 2x). Score: 0.34. Low Conviction (<0.35).,LOW_CONVICTION,-3.127544,DIP,40.57,True,0.0,0.0,0.00,0.00
1704155880.0,TREND,NO_GO,HOLD,30.51,NORMAL,PRO,DEFENSIVE,1.0,0.50,Aegean:FLAT(0.30)|Orion:LONG(0.46),Regime: TREND (Orion 2x). Score: 0.31. Low Conviction (<0.35).,LOW_CONVICTION,-4.462362,DIP,38.31,True,0.0,0.0,0.00,0.00
1704155940.0,TREND,NO_GO,HOLD,26.53,NORMAL,PRO,DEFENSIVE,1.0,0.50,Aegean:FLAT(0.50)|Orion:LONG(0.40),Regime: TREND (Orion 2x). Score: 0.27. Low Conviction (<0.35).,LOW_CONVICTION,-3.140620,DIP,35.92,True,0.0,0.0,0.00,0.00
1704156000.0,TREND,NO_GO,HOLD,24.00,NORMAL,PRO,DEFENSIVE,1.0,0.50,Aegean:FLAT(0.50)|Orion:LONG(0.36),Regime: TREND (Orion 2x). Score: 0.24. Low Conviction (<0.35).,LOW_CONVICTION,-0.291185,MID,34.40,True,0.0,0.0,0.00,0.00
1704156060.0,TREND,GO,BUY,45.95,NORMAL,PRO,DEFENSIVE,1.0,0.50,Aegean:LONG(0.70)|Orion:LONG(0.34),Regime: TREND (Orion 2x). Score: 0.46. Bullish Consensus.,,6.326051,MID,33.57,True,21.8,7.0,0.00,6.22
1704283200.0,TREND,GO,SELL,66.67,SAFE,PRO,DEFENSIVE,1.0,0.25,Aegean:FLAT(0.30)|Orion:SHORT(1.00),Regime: TREND (Orion 2x). Score: -0.67. Bearish Consensus.,,-50.089215,DIP,67.34,True,47.2,7.0,0.00,17.68
1704283860.0,TREND,GO,SELL,90.00,NORMAL,PRO,DEFENSIVE,1.0,0.50,Aegean:SHORT(0.70)|Orion:SHORT(1.00),Regime: TREND (Orion 2x). Score: -0.90. Bearish Consensus.,,-112.640780,MID,75.97,True,151.3,7.0,0.00,28.37
1704284820.0,TREND,GO,SELL,58.36,NORMAL,PRO,DEFENSIVE,1.0,0.50,Aegean:SHORT(0.70)|Orion:SHORT(0.53),Regime: TREND (Orion 2x). Score: -0.58. Bearish Consensus.,,-31.459957,MID,41.02,True,105.1,7.0,0.00,11.05
1704297420.0,TREND,GO,BUY,36.67,SAFE,PRO,DEFENSIVE,1.0,0.25,Aegean:LONG(0.70)|Orion:LONG(0.20),Regime: TREND (Orion 2x). Score: 0.37. Bullish Consensus.,,31.435380,MID,22.78,False,24.5,7.0,0.00,8.04
1704308340.0,TREND,GO,SELL,61.93,SAFE,PRO,DEFENSIVE,1.0,0.25,Aegean:SHORT(0.70)|Orion:SHORT(0.58),Regime: TREND (Orion 2x). Score: -0.62. Bearish Consensus.,,-29.145796,MID,43.16,True,36.7,7.0,0.00,11.04
1704336600.0,TREND,GO,BUY,51.77,SAFE,PRO,DEFENSIVE,1.0,0.25,Aegean:LONG(0.70)|Orion:LONG(0.43),Regime: TREND (Orion 2x). Score: 0.52. Bullish Consensus.,,6.894348,MID,37.06,True,10.4,7.0,0.00,6.89
1704336660.0,TREND,GO,BUY,55.02,SAFE,PRO,DEFENSIVE,1.0,0.25,Aegean:LONG(0.70)|Orion:LONG(0.48),Regime: TREND (Orion 2x). Score: 0.55. Bullish Consensus.,,8.984043,MID,39.01,True,10.7,7.0,0.00,7.49
1704336720.0,TREND,GO,BUY,58.33,SAFE,PRO,DEFENSIVE,1.0,0.25,Aegean:LONG(0.70)|Orion:LONG(0.52),Regime: TREND (Orion 2x). Score: 0.58. Bullish Consensus.,,7.020285,MID,41.00,True,11.2,7.0,0.00,7.54
1704336780.0,TREND,NO_GO,HOLD,34.64,SAFE,PRO,DEFENSIVE,1.0,0.25,Aegean:FLAT(0.50)|Orion:LONG(0.52),Regime: TREND (Orion 2x). Score: 0.35. Low Conviction (<0.35).,LOW_CONVICTION,1.275384,MID,40.78,True,0.0,0.0,0.00,0.00
1704336840.0,TREND,GO,BUY,57.71,SAFE,PRO,DEFENSIVE,1.0,0.25,Aegean:LONG(0.70)|Orion:LONG(0.52),Regime: TREND (Orion 2x). Score: 0.58. Bullish Consensus.,,5.515975,MID,40.63,True,12.1,7.0,0.00,7.27
1704336900.0,TREND,GO,BUY,58.07,SAFE,PRO,DEFENSIVE,1.0,0.25,Aegean:LONG(0.70)|Orion:LONG(0.52),Regime: TREND (Orion 2x). Score: 0.58. Bullish Consensus.,,6.215404,MID,40.84,True,11.9,7.0,0.00,7.40
1704336960.0,TREND,GO,BUY,35.78,SAFE,PRO,DEFENSIVE,1.0,0.25,Aegean:FLAT(0.30)|Orion:LONG(0.54),Regime: TREND (Orion 2x). Score: 0.36. Bullish Consensus.,,8.291913,TOP,41.47,True,11.7,7.0,0.00,7.79
1704337020.0,TREND,GO,BUY,38.15,SAFE,PRO,DEFENSIVE,1.0,0.25,Aegean:FLAT(0.30)|Orion:LONG(0.57),Regime: TREND (Orion 2x). Score: 0.38. Bullish Consensus.,,13.726575,TOP,42.89,True,12.5,7.0,0.00,8.77
1704337080.0,TREND,GO,BUY,41.12,SAFE,PRO,DEFENSIVE,1.0,0.25,Aegean:FLAT(0.30)|Orion:LONG(0.62),Regime: TREND (Orion 2x). Score: 0.41. Bullish Consensus.,,13.407462,TOP,44.67,True,13.1,7.0,0.00,9.01
1704337140.0,TREND,GO,BUY,66.00,SAFE,PRO,DEFENSIVE,1.0,0.25,Aegean:LONG(0.70)|Orion:LONG(0.64),Regime: TREND (Orion 2x). Score: 0.66. Bullish Consensus.,,8.880867,MID,45.60,True,13.0,7.0,0.00,8.53
1704337200.0,TREND,GO,BUY,66.39,SAFE,PRO,DEFENSIVE,1.0,0.25,Aegean:LONG(0.70)|Orion:LONG(0.65),Regime: TREND (Orion 2x). Score: 0.66. Bullish Consensus.,,6.446658,MID,45.84,True,13.4,7.0,0.00,8.23
1704337260.0,TREND,GO,BUY,65.92,SAFE,PRO,DEFENSIVE,1.0,0.25,Aegean:LONG(0.70)|Orion:LONG(0.64),Regime: TREND (Orion 2x). Score: 0.66. Bullish Consensus.,,4.718167,MID,45.55,True,12.8,7.0,0.00,7.94
1704337320.0,TREND,GO,BUY,65.63,SAFE,PRO,DEFENSIVE,1.0,0.25,Aegean:LONG(0.70)|Orion:LONG(0.63),Regime: TREND (Orion 2x). Score: 0.66. Bullish Consensus.,,5.130389,MID,45.38,True,12.1,7.0,0.00,7.97
1704337380.0,TREND,GO,BUY,40.63,SAFE,PRO,DEFENSIVE,1.0,0.25,Aegean:FLAT(0.50)|Orion:LONG(0.61),Regime: TREND (Orion 2x). Score: 0.41. Bullish Consensus.,,1.581578,MID,44.38,True,12.4,7.0,0.00,7.32
1704337440.0,TREND,GO,BUY,38.18,SAFE,PRO,DEFENSIVE,1.0,0.25,Aegean:FLAT(0.50)|Orion:LONG(0.57),Regime: TREND (Orion 2x). Score: 0.38. Bullish Consensus.,,4.121831,MID,42.91,True,12.6,7.0,0.00,7.44
1704337500.0,TREND,GO,BUY,35.80,SAFE,PRO,DEFENSIVE,1.0,0.25,Aegean:FLAT(0.50)|Orion:LONG(0.54),Regime: TREND (Orion 2x). Score: 0.36. Bullish Consensus.,,2.501623,MID,41.48,True,12.0,7.0,0.00,6.98
1704337560.0,TREND,NO_GO,HOLD,33.67,SAFE,PRO,DEFENSIVE,1.0,0.25,Aegean:FLAT(0.50)|Orion:LONG(0.50),Regime: TREND (Orion 2x). Score: 0.34. Low Conviction (<0.35).,LOW_CONVICTION,2.258563,MID,40.20,True,0.0,0.0,0.00,0.00
1704337620.0,TREND,GO,BUY,57.24,SAFE,PRO,DEFENSIVE,1.0,0.25,Aegean:LONG(0.70)|Orion:LONG(0.51),Regime: TREND (Orion 2x). Score: 0.57. Bullish Consensus.,,7.841739,MID,40.34,True,12.0,7.0,0.00,7.54
1704337680.0,TREND,GO,BUY,57.89,SAFE,PRO,DEFENSIVE,1.0,0.25,Aegean:LONG(0.70)|Orion:LONG(0.52),Regime: TREND (Orion 2x). Score: 0.58. Bullish Consensus.,,8.906249,MID,40.73,True,11.8,7.0,0.00,7.75
1704337740.0,TREND,GO,BUY,35.60,SAFE,PRO,DEFENSIVE,1.0,0.25,Aegean:FLAT(0.30)|Orion:LONG(0.53),Regime: TREND (Orion 2x). Score: 0.36. Bullish Consensus.,,10.376843,TOP,41.36,True,11.7,7.0,0.00,8.06
1704337800.0,TREND,GO,BUY,36.59,SAFE,PRO,DEFENSIVE,1.0,0.25,Aegean:FLAT(0.30)|Orion:LONG(0.55),Regime: TREND (Orion 2x). Score: 0.37. Bullish Consensus.,,9.880829,TOP,41.95,True,11.1,7.0,0.00,8.08
1704337860.0,TREND,GO,BUY,59.53,SAFE,PRO,DEFENSIVE,1.0,0.25,Aegean:LONG(0.70)|Orion:LONG(0.54),Regime: TREND (Orion 2x). Score: 0.60. Bullish Consensus.,,5.939841,MID,41.72,True,11.1,7.0,0.00,7.50
1704337920.0,TREND,GO,BUY,59.07,SAFE,PRO,DEFENSIVE,1.0,0.25,Aegean:LONG(0.70)|Orion:LONG(0.54),Regime: TREND (Orion 2x). Score: 0.59. Bullish Consensus.,,5.629365,MID,41.44,True,10.6,7.0,0.00,7.41
1704337980.0,TREND,NO_GO,HOLD,33.54,SAFE,PRO,DEFENSIVE,1.0,0.25,Aegean:FLAT(0.50)|Orion:LONG(0.50),Regime: TREND (Orion 2x). Score: 0.34. Low Conviction (<0.35).,LOW_CONVICTION,2.059542,MID,40.12,True,0.0,0.0,0.00,0.00
1704338040.0,TREND,NO_GO,HOLD,31.51,SAFE,PRO,DEFENSIVE,1.0,0.25,Aegean:FLAT(0.50)|Orion:LONG(0.47),Regime: TREND (Orion 2x). Score: 0.32. Low Conviction (<0.35).,LOW_CONVICTION,2.298724,MID,38.91,True,0.0,0.0,0.00,0.00
1704338100.0,TREND,NO_GO,HOLD,31.17,SAFE,PRO,DEFENSIVE,1.0,0.25,Aegean:FLAT(0.30)|Orion:LONG(0.47),Regime: TREND (Orion 2x). Score: 0.31. Low Conviction (<0.35).,LOW_CONVICTION,8.295609,TOP,38.70,True,0.0,0.0,0.00,0.00
1704338160.0,TREND,GO,BUY,54.16,SAFE,PRO,DEFENSIVE,1.0,0.25,Aegean:LONG(0.70)|Orion:LONG(0.46),Regime: TREND (Orion 2x). Score: 0.54. Bullish Consensus.,,5.330501,MID,38.50,True,11.0,7.0,0.00,6.90
1704338220.0,TREND,NO_GO,HOLD,28.23,SAFE,PRO,DEFENSIVE,1.0,0.25,Aegean:FLAT(0.50)|Orion:LONG(0.42),Regime: TREND (Orion 2x). Score: 0.28. Low Conviction (<0.35).,LOW_CONVICTION,1.836628,MID,36.94,True,0.0,0.0,0.00,0.00
1704338280.0,TREND,NO_GO,HOLD,25.90,SAFE,PRO,DEFENSIVE,1.0,0.25,Aegean:FLAT(0.50)|Orion:LONG(0.39),Regime: TREND (Orion 2x). Score: 0.26. Low Conviction (<0.35).,LOW_CONVICTION,1.408266,MID,35.54,True,0.0,0.0,0.00,0.00
1704338340.0,TREND,NO_GO,HOLD,24.62,SAFE,PRO,DEFENSIVE,1.0,0.25,Aegean:FLAT(0.50)|Orion:LONG(0.37),Regime: TREND (Orion 2x). Score: 0.25. Low Conviction (<0.35).,LOW_CONVICTION,2.783174,MID,34.77,True,0.0,0.0,0.00,0.00
1704338400.0,TREND,NO_GO,HOLD,21.27,SAFE,PRO,DEFENSIVE,1.0,0.25,Aegean:FLAT(0.50)|Orion:LONG(0.32),Regime: TREND (Orion 2x). Score: 0.21. Low Conviction (<0.35).,LOW_CONVICTION,-3.345923,MID,32.76,True,0.0,0.0,0.00,0.00
1704338460.0,TREND,NO_GO,HOLD,18.37,SAFE,PRO,DEFENSIVE,1.0,0.25,Aegean:FLAT(0.30)|Orion:LONG(0.28),Regime: TREND (Orion 2x). Score: 0.18. Low Conviction (<0.35).,LOW_CONVICTION,-6.436732,DIP,31.02,True,0.0,0.0,0.00,0.00
1704338520.0,TREND,NO_GO,HOLD,15.61,SAFE,PRO,DEFENSIVE,1.0,0.25,Aegean:FLAT(0.50)|Orion:LONG(0.23),Regime: TREND (Orion 2x). Score: 0.16. Low Conviction (<0.35).,LOW_CONVICTION,-4.047519,MID,29.37,True,0.0,0.0,0.00,0.00
1704338580.0,TREND,NO_GO,HOLD,13.05,SAFE,PRO,DEFENSIVE,1.0,0.25,Aegean:FLAT(0.50)|Orion:LONG(0.20),Regime: TREND (Orion 2x). Score: 0.13. Low Conviction (<0.35).,LOW_CONVICTION,-3.472538,MID,27.83,True,0.0,0.0,0.00,0.00
1704338640.0,TREND,NO_GO,HOLD,10.66,SAFE,PRO,DEFENSIVE,1.0,0.25,Aegean:FLAT(0.30)|Orion:LONG(0.16),Regime: TREND (Orion 2x). Score: 0.11. Low Conviction (<0.35).,LOW_CONVICTION,-4.765541,DIP,26.40,True,0.0,0.0,0.00,0.00
1704338700.0,TREND,NO_GO,HOLD,10.17,SAFE,PRO,DEFENSIVE,1.0,0.25,Aegean:FLAT(0.30)|Orion:SHORT(0.15),Regime: TREND (Orion 2x). Score: -0.10. Low Conviction (<0.35).,LOW_CONVICTION,-8.069155,DIP,26.10,True,0.0,0.0,0.00,0.00
1704338760.0,TREND,NO_GO,HOLD,9.72,SAFE,PRO,DEFENSIVE,1.0,0.25,Aegean:FLAT(0.30)|Orion:SHORT(0.15),Regime: TREND (Orion 2x). Score: -0.10. Low Conviction (<0.35).,LOW_CONVICTION,-6.637470,DIP,25.83,True,0.0,0.0,0.00,0.00
1704338820.0,TREND,NO_GO,HOLD,32.74,SAFE,PRO,DEFENSIVE,1.0,0.25,Aegean:SHORT(0.70)|Orion:SHORT(0.14),Regime: TREND (Orion 2x). Score: -0.33. Low Conviction (<0.35).,LOW_CONVICTION,-4.323564,MID,25.64,True,0.0,0.0,0.00,0.00
1704338880.0,TREND,NO_GO,HOLD,10.18,SAFE,PRO,DEFENSIVE,1.0,0.25,Aegean:FLAT(0.30)|Orion:SHORT(0.15),Regime: TREND (Orion 2x). Score: -0.10. Low Conviction (<0.35).,LOW_CONVICTION,-8.763041,DIP,26.11,True,0.0,0.0,0.00,0.00
1704338940.0,TREND,NO_GO,HOLD,10.92,SAFE,PRO,DEFENSIVE,1.0,0.25,Aegean:FLAT(0.30)|Orion:SHORT(0.16),Regime: TREND (Orion 2x). Score: -0.11. Low Conviction (<0.35).,LOW_CONVICTION,-6.223452,DIP,26.55,True,0.0,0.0,0.00,0.00
1704339000.0,TREND,NO_GO,HOLD,9.96,SAFE,PRO,DEFENSIVE,1.0,0.25,Aegean:FLAT(0.50)|Orion:SHORT(0.15),Regime: TREND (Orion 2x). Score: -0.10. Low Conviction (<0.35).,LOW_CONVICTION,-3.716365,MID,25.98,True,0.0,0.0,0.00,0.00
1704339060.0,TREND,NO_GO,HOLD,9.55,SAFE,PRO,DEFENSIVE,1.0,0.25,Aegean:FLAT(0.30)|Orion:SHORT(0.14),Regime: TREND (Orion 2x). Score: -0.10. Low Conviction (<0.35).,LOW_CONVICTION,-5.886341,DIP,25.73,True,0.0,0.0,0.00,0.00
1704339120.0,TREND,NO_GO,HOLD,9.28,SAFE,PRO,DEFENSIVE,1.0,0.25,Aegean:FLAT(0.50)|Orion:SHORT(0.14),Regime: TREND (Orion 2x). Score: -0.09. Low Conviction (<0.35).,LOW_CONVICTION,-3.276150,MID,25.57,True,0.0,0.0,0.00,0.00
1704339180.0,TREND,NO_GO,HOLD,9.89,SAFE,PRO,DEFENSIVE,1.0,0.25,Aegean:FLAT(0.30)|Orion:SHORT(0.15),Regime: TREND (Orion 2x). Score: -0.10. Low Conviction (<0.35).,LOW_CONVICTION,-7.462580,DIP,25.93,True,0.0,0.0,0.00,0.00
1704339240.0,TREND,NO_GO,HOLD,10.54,SAFE,PRO,DEFENSIVE,1.0,0.25,Aegean:FLAT(0.30)|Orion:SHORT(0.16),Regime: TREND (Orion 2x). Score: -0.11. Low Conviction (<0.35).,LOW_CONVICTION,-6.050141,DIP,26.32,True,0.0,0.0,0.00,0.00
1704339300.0,TREND,NO_GO,HOLD,9.47,SAFE,PRO,DEFENSIVE,1.0,0.25,Aegean:FLAT(0.50)|Orion:SHORT(0.14),Regime: TREND (Orion 2x). Score: -0.09. Low Conviction (<0.35).,LOW_CONVICTION,-3.147057,MID,25.68,True,0.0,0.0,0.00,0.00
1704339360.0,TREND,NO_GO,HOLD,13.33,SAFE,PRO,DEFENSIVE,1.0,0.25,Aegean:FLAT(0.50)|Orion:SHORT(0.20),Regime: TREND (Orion 2x). Score: -0.13. Low Conviction (<0.35).,LOW_CONVICTION,-2.282269,MID,24.37,False,0.0,0.0,0.00,0.00
1704339420.0,TREND,NO_GO,HOLD,13.33,SAFE,PRO,DEFENSIVE,1.0,0.25,Aegean:FLAT(0.50)|Orion:SHORT(0.20),Regime: TREND (Orion 2x). Score: -0.13. Low Conviction (<0.35).,LOW_CONVICTION,-2.924636,MID,23.39,False,0.0,0.0,0.00,0.00
1704339480.0,TREND,NO_GO,HOLD,13.33,SAFE,PRO,DEFENSIVE,1.0,0.25,Aegean:FLAT(0.50)|Orion:SHORT(0.20),Regime: TREND (Orion 2x). Score: -0.13. Low Conviction (<0.35).,LOW_CONVICTION,-1.762277,MID,22.54,False,0.0,0.0,0.00,0.00
1704339540.0,CHOP,NO_GO,HOLD,13.33,SAFE,PRO,DEFENSIVE,1.0,0.25,Aegean:FLAT(0.50)|Orion:SHORT(0.20),Regime: CHOP (Reduced Weights). Score: -0.13. Low Conviction (<0.35).,LOW_CONVICTION,-0.929306,MID,21.40,False,0.0,0.0,0.00,0.00
1704339600.0,CHOP,NO_GO,HOLD,13.33,SAFE,PRO,DEFENSIVE,1.0,0.25,Aegean:FLAT(0.50)|Orion:SHORT(0.20),Regime: CHOP (Reduced Weights). Score: -0.13. Low Conviction (<0.35).,LOW_CONVICTION,-1.844563,MID,20.38,False,0.0,0.0,0.00,0.00
1704339660.0,CHOP,NO_GO,HOLD,13.33,SAFE,PRO,DEFENSIVE,1.0,0.25,Aegean:FLAT(0.50)|Orion:SHORT(0.20),Regime: CHOP (Reduced Weights). Score: -0.13. Low Conviction (<0.35).,LOW_CONVICTION,-2.914190,MID,19.87,False,0.0,0.0,0.00,0.00
1704339720.0,CHOP,NO_GO,HOLD,13.33,SAFE,PRO,DEFENSIVE,1.0,0.25,Aegean:FLAT(0.50)|Orion:SHORT(0.20),Regime: CHOP (Reduced Weights). Score: -0.13. Low Conviction (<0.35).,LOW_CONVICTION,-2.839314,MID,19.50,False,0.0,0.0,0.00,0.00
1704339780.0,CHOP,NO_GO,HOLD,13.33,SAFE,PRO,DEFENSIVE,1.0,0.25,Aegean:FLAT(0.50)|Orion:SHORT(0.20),Regime: CHOP (Reduced Weights). Score: -0.13. Low Conviction (<0.35).,LOW_CONVICTION,-0.452740,MID,18.35,False,0.0,0.0,0.00,0.00
1704339840.0,CHOP,NO_GO,HOLD,13.33,SAFE,PRO,DEFENSIVE,1.0,0.25,Aegean:FLAT(0.50)|Orion:SHORT(0.20),Regime: CHOP (Reduced Weights). Score: -0.13. Low Conviction (<0.35).,LOW_CONVICTION,-2.565883,MID,17.28,False,0.0,0.0,0.00,0.00
1704339900.0,CHOP,NO_GO,HOLD,13.33,SAFE,PRO,DEFENSIVE,1.0,0.25,Aegean:FLAT(0.50)|Orion:SHORT(0.20),Regime: CHOP (Reduced Weights). Score: -0.13. Low Conviction (<0.35).,LOW_CONVICTION,-0.023475,MID,16.24,False,0.0,0.0,0.00,0.00
1704339960.0,CHOP,NO_GO,HOLD,13.33,SAFE,PRO,DEFENSIVE,1.0,0.25,Aegean:FLAT(0.50)|Orion:SHORT(0.20),Regime: CHOP (Reduced Weights). Score: -0.13. Low Conviction (<0.35).,LOW_CONVICTION,-0.359666,MID,15.27,False,0.0,0.0,0.00,0.00
1704340020.0,CHOP,NO_GO,HOLD,13.33,SAFE,PRO,DEFENSIVE,1.0,0.25,Aegean:FLAT(0.30)|Orion:LONG(0.20),Regime: CHOP (Reduced Weights). Score: 0.13. Low Conviction (<0.35).,LOW_CONVICTION,5.455981,TOP,16.26,False,0.0,0.0,0.00,0.00
1704340080.0,TREND,GO,BUY,36.67,SAFE,PRO,DEFENSIVE,1.0,0.25,Aegean:LONG(0.70)|Orion:LONG(0.20),Regime: TREND (Orion 2x). Score: 0.37. Bullish Consensus.,,5.970066,MID,18.05,False,6.0,7.0,0.00,3.72
1704340140.0,TREND,NO_GO,HOLD,13.33,SAFE,PRO,DEFENSIVE,1.0,0.25,Aegean:FLAT(0.50)|Orion:LONG(0.20),Regime: TREND (Orion 2x). Score: 0.13. Low Conviction (<0.35).,LOW_CONVICTION,3.200617,MID,18.89,False,0.0,0.0,0.00,0.00
1704340200.0,TREND,NO_GO,HOLD,13.33,SAFE,PRO,DEFENSIVE,1.0,0.25,Aegean:FLAT(0.50)|Orion:LONG(0.20),Regime: TREND (Orion 2x). Score: 0.13. Low Conviction (<0.35).,LOW_CONVICTION,4.064720,MID,19.67,False,0.0,0.0,0.00,0.00
1704340260.0,TREND,GO,BUY,36.67,SAFE,PRO,DEFENSIVE,1.0,0.25,Aegean:LONG(0.70)|Orion:LONG(0.20),Regime: TREND (Orion 2x). Score: 0.37. Bullish Consensus.,,4.623260,MID,20.66,False,5.8,7.0,0.00,3.95
1704340320.0,TREND,NO_GO,HOLD,13.33,SAFE,PRO,DEFENSIVE,1.0,0.25,Aegean:FLAT(0.50)|Orion:LONG(0.20),Regime: TREND (Orion 2x). Score: 0.13. Low Conviction (<0.35).,LOW_CONVICTION,3.890537,MID,21.01,False,0.0,0.0,0.00,0.00
1704340380.0,TREND,NO_GO,HOLD,13.33,SAFE,PRO,DEFENSIVE,1.0,0.25,Aegean:FLAT(0.50)|Orion:LONG(0.20),Regime: TREND (Orion 2x). Score: 0.13. Low Conviction (<0.35).,LOW_CONVICTION,2.901369,MID,21.33,False,0.0,0.0,0.00,0.00
1704340440.0,TREND,NO_GO,HOLD,13.33,SAFE,PRO,DEFENSIVE,1.0,0.25,Aegean:FLAT(0.50)|Orion:SHORT(0.20),Regime: TREND (Orion 2x). Score: -0.13. Low Conviction (<0.35).,LOW_CONVICTION,0.095743,MID,20.45,False,0.0,0.0,0.00,0.00
1704340500.0,CHOP,NO_GO,HOLD,13.33,SAFE,PRO,DEFENSIVE,1.0,0.25,Aegean:FLAT(0.50)|Orion:LONG(0.20),Regime: CHOP (Reduced Weights). Score: 0.13. Low Conviction (<0.35).,LOW_CONVICTION,3.304365,MID,19.94,False,0.0,0.0,0.00,0.00
1704340560.0,TREND,NO_GO,HOLD,13.33,SAFE,PRO,DEFENSIVE,1.0,0.25,Aegean:FLAT(0.50)|Orion:SHORT(0.20),Regime: TREND (Orion 2x). Score: -0.13. Low Conviction (<0.35).,LOW_CONVICTION,0.357715,MID,19.53,False,0.0,0.0,0.00,0.00
1704340620.0,CHOP,NO_GO,HOLD,13.33,SAFE,PRO,DEFENSIVE,1.0,0.25,Aegean:FLAT(0.50)|Orion:SHORT(0.20),Regime: CHOP (Reduced Weights). Score: -0.13. Low Conviction (<0.35).,LOW_CONVICTION,-1.081284,MID,18.48,False,0.0,0.0,0.00,0.00
1704340680.0,CHOP,NO_GO,HOLD,13.33,SAFE,PRO,DEFENSIVE,1.0,0.25,Aegean:FLAT(0.50)|Orion:SHORT(0.20),Regime: CHOP (Reduced Weights). Score: -0.13. Low Conviction (<0.35).,LOW_CONVICTION,-0.580709,MID,17.49,False,0.0,0.0,0.00,0.00
1704340740.0,CHOP,NO_GO,HOLD,13.33,SAFE,PRO,DEFENSIVE,1.0,0.25,Aegean:FLAT(0.50)|Orion:LONG(0.20),Regime: CHOP (Reduced Weights). Score: 0.13. Low Conviction (<0.35).,LOW_CONVICTION,1.720410,MID,17.78,False,0.0,0.0,0.00,0.00
1704340800.0,CHOP,NO_GO,HOLD,13.33,SAFE,PRO,DEFENSIVE,1.0,0.25,Aegean:FLAT(0.50)|Orion:SHORT(0.20),Regime: CHOP (Reduced Weights). Score: -0.13. Low Conviction (<0.35).,LOW_CONVICTION,-0.247298,MID,17.98,False,0.0,0.0,0.00,0.00
1704340860.0,CHOP,NO_GO,HOLD,13.33,SAFE,PRO,DEFENSIVE,1.0,0.25,Aegean:FLAT(0.30)|Orion:SHORT(0.20),Regime: CHOP (Reduced Weights). Score: -0.13. Low Conviction (<0.35).,LOW_CONVICTION,-7.034820,DIP,17.84,False,0.0,0.0,0.00,0.00
1704340920.0,CHOP,NO_GO,HOLD,13.33,SAFE,PRO,DEFENSIVE,1.0,0.25,Aegean:FLAT(0.30)|Orion:SHORT(0.20),Regime: CHOP (Reduced Weights). Score: -0.13. Low Conviction (<0.35).,LOW_CONVICTION,-11.048796,DIP,18.93,False,0.0,0.0,0.00,0.00
1704340980.0,CHOP,GO,SELL,36.67,SAFE,PRO,DEFENSIVE,1.0,0.25,Aegean:SHORT(0.70)|Orion:SHORT(0.20),Regime: CHOP (Reduced Weights). Score: -0.37. Bearish Consensus.,,-6.944064,MID,19.91,False,7.5,7.0,0.00,4.15
1704341040.0,TREND,NO_GO,HOLD,13.33,SAFE,PRO,DEFENSIVE,1.0,0.25,Aegean:FLAT(0.30)|Orion:SHORT(0.20),Regime: TREND (Orion 2x). Score: -0.13. Low Conviction (<0.35).,LOW_CONVICTION,-7.832053,DIP,20.82,False,0.0,0.0,0.00,0.00
1704341100.0,TREND,GO,SELL,36.67,SAFE,PRO,DEFENSIVE,1.0,0.25,Aegean:SHORT(0.70)|Orion:SHORT(0.20),Regime: TREND (Orion 2x). Score: -0.37. Bearish Consensus.,,-5.914234,MID,21.58,False,7.7,7.0,0.00,4.28
1704341160.0,TREND,NO_GO,HOLD,13.33,SAFE,PRO,DEFENSIVE,1.0,0.25,Aegean:FLAT(0.30)|Orion:SHORT(0.20),Regime: TREND (Orion 2x). Score: -0.13. Low Conviction (<0.35).,LOW_CONVICTION,-6.856463,DIP,22.24,False,0.0,0.0,0.00,0.00
1704341220.0,TREND,GO,SELL,36.67,SAFE,PRO,DEFENSIVE,1.0,0.25,Aegean:SHORT(0.70)|Orion:SHORT(0.20),Regime: TREND (Orion 2x). Score: -0.37. Bearish Consensus.,,-4.634819,MID,22.63,False,7.4,7.0,0.00,4.27
1704341280.0,TREND,NO_GO,HOLD,13.33,SAFE,PRO,DEFENSIVE,1.0,0.25,Aegean:FLAT(0.50)|Orion:SHORT(0.20),Regime: TREND (Orion 2x). Score: -0.13. Low Conviction (<0.35).,LOW_CONVICTION,0.811176,MID,21.05,False,0.0,0.0,0.00,0.00
1704341340.0,TREND,NO_GO,HOLD,13.33,SAFE,PRO,DEFENSIVE,1.0,0.25,Aegean:FLAT(0.50)|Orion:SHORT(0.20),Regime: TREND (Orion 2x). Score: -0.13. Low Conviction (<0.35).,LOW_CONVICTION,-0.147759,MID,19.57,False,0.0,0.0,0.00,0.00
1704341400.0,CHOP,NO_GO,HOLD,13.33,SAFE,PRO,DEFENSIVE,1.0,0.25,Aegean:FLAT(0.50)|Orion:SHORT(0.20),Regime: CHOP (Reduced Weights). Score: -0.13. Low Conviction (<0.35).,LOW_CONVICTION,0.611981,MID,18.42,False,0.0,0.0,0.00,0.00
1704341460.0,CHOP,NO_GO,HOLD,13.33,SAFE,PRO,DEFENSIVE,1.0,0.25,Aegean:FLAT(0.50)|Orion:SHORT(0.20),Regime: CHOP (Reduced Weights). Score: -0.13. Low Conviction (<0.35).,LOW_CONVICTION,-0.830380,MID,17.35,False,0.0,0.0,0.00,0.00
1704341520.0,CHOP,NO_GO,HOLD,13.33,SAFE,PRO,DEFENSIVE,1.0,0.25,Aegean:FLAT(0.50)|Orion:SHORT(0.20),Regime: CHOP (Reduced Weights). Score: -0.13. Low Conviction (<0.35).,LOW_CONVICTION,-2.696595,MID,17.55,False,0.0,0.0,0.00,0.00
1704341580.0,CHOP,NO_GO,HOLD,13.33,SAFE,PRO,DEFENSIVE,1.0,0.25,Aegean:FLAT(0.50)|Orion:SHORT(0.20),Regime: CHOP (Reduced Weights). Score: -0.13. Low Conviction (<0.35).,LOW_CONVICTION,-0.407791,MID,17.74,False,0.0,0.0,0.00,0.00
1704341640.0,CHOP,NO_GO,HOLD,13.33,SAFE,PRO,DEFENSIVE,1.0,0.25,Aegean:FLAT(0.50)|Orion:SHORT(0.20),Regime: CHOP (Reduced Weights). Score: -0.13. Low Conviction (<0.35).,LOW_CONVICTION,0.130627,MID,17.32,False,0.0,0.0,0.00,0.00
1704341700.0,CHOP,NO_GO,HOLD,13.33,SAFE,PRO,DEFENSIVE,1.0,0.25,Aegean:FLAT(0.50)|Orion:LONG(0.20),Regime: CHOP (Reduced Weights). Score: 0.13. Low Conviction (<0.35).,LOW_CONVICTION,1.989951,MID,16.41,False,0.0,0.0,0.00,0.00
1704341760.0,CHOP,NO_GO,HOLD,13.33,SAFE,PRO,DEFENSIVE,1.0,0.25,Aegean:FLAT(0.50)|Orion:LONG(0.20),Regime: CHOP (Reduced Weights). Score: 0.13. Low Conviction (<0.35).,LOW_CONVICTION,1.505970,MID,15.38,False,0.0,0.0,0.00,0.00
1704341820.0,CHOP,NO_GO,HOLD,13.33,SAFE,PRO,DEFENSIVE,1.0,0.25,Aegean:FLAT(0.50)|Orion:LONG(0.20),Regime: CHOP (Reduced Weights). Score: 0.13. Low Conviction (<0.35).,LOW_CONVICTION,2.146019,MID,14.78,False,0.0,0.0,0.00,0.00
1704341880.0,CHOP,NO_GO,HOLD,13.33,SAFE,PRO,DEFENSIVE,1.0,0.25,Aegean:FLAT(0.50)|Orion:LONG(0.20),Regime: CHOP (Reduced Weights). Score: 0.13. Low Conviction (<0.35).,LOW_CONVICTION,3.421239,MID,13.85,False,0.0,0.0,0.00,0.00
1704341940.0,CHOP,NO_GO,HOLD,13.33,SAFE,PRO,DEFENSIVE,1.0,0.25,Aegean:FLAT(0.50)|Orion:LONG(0.20),Regime: CHOP (Reduced Weights). Score: 0.13. Low Conviction (<0.35).,LOW_CONVICTION,3.572311,MID,13.22,False,0.0,0.0,0.00,0.00
1704342000.0,CHOP,NO_GO,HOLD,13.33,SAFE,PRO,DEFENSIVE,1.0,0.25,Aegean:FLAT(0.50)|Orion:LONG(0.20),Regime: CHOP (Reduced Weights). Score: 0.13. Low Conviction (<0.35).,LOW_CONVICTION,2.054041,MID,12.58,False,0.0,0.0,0.00,0.00
1704342060.0,CHOP,NO_GO,HOLD,13.33,SAFE,PRO,DEFENSIVE,1.0,0.25,Aegean:FLAT(0.50)|Orion:LONG(0.20),Regime: CHOP (Reduced Weights). Score: 0.13. Low Conviction (<0.35).,LOW_CONVICTION,2.763741,TOP,12.03,False,0.0,0.0,0.00,0.00
1704342120.0,CHOP,NO_GO,HOLD,13.33,SAFE,PRO,DEFENSIVE,1.0,0.25,Aegean:FLAT(0.50)|Orion:LONG(0.20),Regime: CHOP (Reduced Weights). Score: 0.13. Low Conviction (<0.35).,LOW_CONVICTION,2.890088,TOP,11.32,False,0.0,0.0,0.00,0.00
1704342180.0,CHOP,NO_GO,HOLD,13.33,SAFE,PRO,DEFENSIVE,1.0,0.25,Aegean:FLAT(0.50)|Orion:LONG(0.20),Regime: CHOP (Reduced Weights). Score: 0.13. Low Conviction (<0.35).,LOW_CONVICTION,3.815035,TOP,11.02,False,0.0,0.0,0.00,0.00
1704342240.0,CHOP,NO_GO,HOLD,13.33,SAFE,PRO,DEFENSIVE,1.0,0.25,Aegean:FLAT(0.30)|Orion:LONG(0.20),Regime: CHOP (Reduced Weights). Score: 0.13. Low Conviction (<0.35).,LOW_CONVICTION,5.421522,TOP,11.41,False,0.0,0.0,0.00,0.00
1704342300.0,CHOP,NO_GO,HOLD,13.33,SAFE,PRO,DEFENSIVE,1.0,0.25,Aegean:FLAT(0.30)|Orion:LONG(0.20),Regime: CHOP (Reduced Weights). Score: 0.13. Low Conviction (<0.35).,LOW_CONVICTION,4.762997,TOP,12.16,False,0.0,0.0,0.00,0.00
1704342360.0,CHOP,NO_GO,HOLD,13.33,SAFE,PRO,DEFENSIVE,1.0,0.25,Aegean:FLAT(0.30)|Orion:LONG(0.20),Regime: CHOP (Reduced Weights). Score: 0.13. Low Conviction (<0.35).,LOW_CONVICTION,5.862468,TOP,11.85,False,0.0,0.0,0.00,0.00
1704342420.0,CHOP,NO_GO,HOLD,13.33,SAFE,PRO,DEFENSIVE,1.0,0.25,Aegean:FLAT(0.30)|Orion:LONG(0.20),Regime: CHOP (Reduced Weights). Score: 0.13. Low Conviction (<0.35).,LOW_CONVICTION,5.271852,TOP,11.73,False,0.0,0.0,0.00,0.00
1704342480.0,CHOP,NO_GO,HOLD,13.33,SAFE,PRO,DEFENSIVE,1.0,0.25,Aegean:FLAT(0.30)|Orion:LONG(0.20),Regime: CHOP (Reduced Weights). Score: 0.13. Low Conviction (<0.35).,LOW_CONVICTION,5.158728,TOP,11.55,False,0.0,0.0,0.00,0.00
1704342540.0,CHOP,NO_GO,HOLD,13.33,SAFE,PRO,DEFENSIVE,1.0,0.25,Aegean:FLAT(0.50)|Orion:LONG(0.20),Regime: CHOP (Reduced Weights). Score: 0.13. Low Conviction (<0.35).,LOW_CONVICTION,4.199378,TOP,11.53,False,0.0,0.0,0.00,0.00
1704342600.0,CHOP,NO_GO,HOLD,13.33,SAFE,PRO,DEFENSIVE,1.0,0.25,Aegean:FLAT(0.30)|Orion:LONG(0.20),Regime: CHOP (Reduced Weights). Score: 0.13. Low Conviction (<0.35).,LOW_CONVICTION,5.414508,TOP,11.86,False,0.0,0.0,0.00,0.00
1704342660.0,CHOP,NO_GO,HOLD,13.33,SAFE,PRO,DEFENSIVE,1.0,0.25,Aegean:FLAT(0.50)|Orion:LONG(0.20),Regime: CHOP (Reduced Weights). Score: 0.13. Low Conviction (<0.35).,LOW_CONVICTION,-0.225440,MID,11.51,False,0.0,0.0,0.00,0.00
1704342720.0,CHOP,NO_GO,HOLD,13.33,SAFE,PRO,DEFENSIVE,1.0,0.25,Aegean:FLAT(0.50)|Orion:LONG(0.20),Regime: CHOP (Reduced Weights). Score: 0.13. Low Conviction (<0.35).,LOW_CONVICTION,-1.267881,MID,11.78,False,0.0,0.0,0.00,0.00
1704342780.0,CHOP,NO_GO,HOLD,13.33,SAFE,PRO,DEFENSIVE,1.0,0.25,Aegean:FLAT(0.50)|Orion:LONG(0.20),Regime: CHOP (Reduced Weights). Score: 0.13. Low Conviction (<0.35).,LOW_CONVICTION,0.570893,MID,12.24,False,0.0,0.0,0.00,0.00
1704342840.0,CHOP,NO_GO,HOLD,13.33,SAFE,PRO,DEFENSIVE,1.0,0.25,Aegean:FLAT(0.50)|Orion:LONG(0.20),Regime: CHOP (Reduced Weights). Score: 0.13. Low Conviction (<0.35).,LOW_CONVICTION,0.604877,MID,12.50,False,0.0,0.0,0.00,0.00
1704342900.0,CHOP,NO_GO,HOLD,13.33,SAFE,PRO,DEFENSIVE,1.0,0.25,Aegean:FLAT(0.50)|Orion:LONG(0.20),Regime: CHOP (Reduced Weights). Score: 0.13. Low Conviction (<0.35).,LOW_CONVICTION,1.297782,MID,12.99,False,0.0,0.0,0.00,0.00
1704342960.0,CHOP,NO_GO,HOLD,13.33,SAFE,PRO,DEFENSIVE,1.0,0.25,Aegean:FLAT(0.50)|Orion:LONG(0.20),Regime: CHOP (Reduced Weights). Score: 0.13. Low Conviction (<0.35).,LOW_CONVICTION,1.924527,MID,13.13,False,0.0,0.0,0.00,0.00
1704343020.0,CHOP,NO_GO,HOLD,13.33,SAFE,PRO,DEFENSIVE,1.0,0.25,Aegean:FLAT(0.50)|Orion:LONG(0.20),Regime: CHOP (Reduced Weights). Score: 0.13. Low Conviction (<0.35).,LOW_CONVICTION,1.704021,MID,13.31,False,0.0,0.0,0.00,0.00
1704343080.0,CHOP,NO_GO,HOLD,13.33,SAFE,PRO,DEFENSIVE,1.0,0.25,Aegean:FLAT(0.50)|Orion:LONG(0.20),Regime: CHOP (Reduced Weights). Score: 0.13. Low Conviction (<0.35).,LOW_CONVICTION,-1.731670,MID,14.49,False,0.0,0.0,0.00,0.00
1704343140.0,CHOP,NO_GO,HOLD,13.33,SAFE,PRO,DEFENSIVE,1.0,0.25,Aegean:FLAT(0.50)|Orion:LONG(0.20),Regime: CHOP (Reduced Weights). Score: 0.13. Low Conviction (<0.35).,LOW_CONVICTION,-1.981353,MID,15.65,False,0.0,0.0,0.00,0.00
1704343200.0,CHOP,NO_GO,HOLD,13.33,SAFE,PRO,DEFENSIVE,1.0,0.25,Aegean:FLAT(0.50)|Orion:LONG(0.20),Regime: CHOP (Reduced Weights). Score: 0.13. Low Conviction (<0.35).,LOW_CONVICTION,-0.326431,MID,16.85,False,0.0,0.0,0.00,0.00
1704343260.0,CHOP,NO_GO,HOLD,13.33,SAFE,PRO,DEFENSIVE,1.0,0.25,Aegean:FLAT(0.50)|Orion:LONG(0.20),Regime: CHOP (Reduced Weights). Score: 0.13. Low Conviction (<0.35).,LOW_CONVICTION,-0.328537,MID,17.90,False,0.0,0.0,0.00,0.00
1704343320.0,CHOP,NO_GO,HOLD,13.33,SAFE,PRO,DEFENSIVE,1.0,0.25,Aegean:FLAT(0.50)|Orion:LONG(0.20),Regime: CHOP (Reduced Weights). Score: 0.13. Low Conviction (<0.35).,LOW_CONVICTION,0.945611,MID,18.13,False,0.0,0.0,0.00,0.00
1704343380.0,CHOP,NO_GO,HOLD,13.33,SAFE,PRO,DEFENSIVE,1.0,0.25,Aegean:FLAT(0.50)|Orion:LONG(0.20),Regime: CHOP (Reduced Weights). Score: 0.13. Low Conviction (<0.35).,LOW_CONVICTION,2.066372,MID,17.61,False,0.0,0.0,0.00,0.00
1704343440.0,CHOP,NO_GO,HOLD,13.33,SAFE,PRO,DEFENSIVE,1.0,0.25,Aegean:FLAT(0.50)|Orion:LONG(0.20),Regime: CHOP (Reduced Weights). Score: 0.13. Low Conviction (<0.35).,LOW_CONVICTION,0.340870,MID,17.27,False,0.0,0.0,0.00,0.00
1704343500.0,CHOP,NO_GO,HOLD,13.33,SAFE,PRO,DEFENSIVE,1.0,0.25,Aegean:FLAT(0.30)|Orion:LONG(0.20),Regime: CHOP (Reduced Weights). Score: 0.13. Low Conviction (<0.35).,LOW_CONVICTION,5.007637,TOP,16.78,False,0.0,0.0,0.00,0.00
1704343560.0,CHOP,NO_GO,HOLD,13.33,SAFE,PRO,DEFENSIVE,1.0,0.25,Aegean:FLAT(0.30)|Orion:LONG(0.20),Regime: CHOP (Reduced Weights). Score: 0.13. Low Conviction (<0.35).,LOW_CONVICTION,6.910575,TOP,17.33,False,0.0,0.0,0.00,0.00
1704343620.0,CHOP,NO_GO,HOLD,13.33,SAFE,PRO,DEFENSIVE,1.0,0.25,Aegean:FLAT(0.30)|Orion:LONG(0.20),Regime: CHOP (Reduced Weights). Score: 0.13. Low Conviction (<0.35).,LOW_CONVICTION,8.794585,TOP,18.59,False,0.0,0.0,0.00,0.00
1704343680.0,TREND,GO,BUY,36.67,SAFE,PRO,DEFENSIVE,1.0,0.25,Aegean:LONG(0.70)|Orion:LONG(0.20),Regime: TREND (Orion 2x). Score: 0.37. Bullish Consensus.,,4.954944,MID,19.77,False,5.3,7.0,0.00,3.85
1704343740.0,TREND,GO,BUY,36.67,SAFE,PRO,DEFENSIVE,1.0,0.25,Aegean:LONG(0.70)|Orion:LONG(0.20),Regime: TREND (Orion 2x). Score: 0.37. Bullish Consensus.,,5.262370,MID,20.83,False,5.3,7.0,0.00,4.06
1704343800.0,TREND,NO_GO,HOLD,13.33,SAFE,PRO,DEFENSIVE,1.0,0.25,Aegean:FLAT(0.50)|Orion:LONG(0.20),Regime: TREND (Orion 2x). Score: 0.13. Low Conviction (<0.35).,LOW_CONVICTION,2.442610,MID,20.88,False,0.0,0.0,0.00,0.00
1704343860.0,TREND,NO_GO,HOLD,13.33,SAFE,PRO,DEFENSIVE,1.0,0.25,Aegean:FLAT(0.50)|Orion:LONG(0.20),Regime: TREND (Orion 2x). Score: 0.13. Low Conviction (<0.35).,LOW_CONVICTION,2.548167,MID,20.93,False,0.0,0.0,0.00,0.00
1704343920.0,TREND,NO_GO,HOLD,13.33,SAFE,PRO,DEFENSIVE,1.0,0.25,Aegean:FLAT(0.50)|Orion:LONG(0.20),Regime: TREND (Orion 2x). Score: 0.13. Low Conviction (<0.35).,LOW_CONVICTION,1.331810,MID,19.88,False,0.0,0.0,0.00,0.00
1704343980.0,CHOP,NO_GO,HOLD,13.33,SAFE,PRO,DEFENSIVE,1.0,0.25,Aegean:FLAT(0.50)|Orion:LONG(0.20),Regime: CHOP (Reduced Weights). Score: 0.13. Low Conviction (<0.35).,LOW_CONVICTION,-1.966078,MID,18.86,False,0.0,0.0,0.00,0.00
1704344040.0,CHOP,NO_GO,HOLD,13.33,SAFE,PRO,DEFENSIVE,1.0,0.25,Aegean:FLAT(0.50)|Orion:LONG(0.20),Regime: CHOP (Reduced Weights). Score: 0.13. Low Conviction (<0.35).,LOW_CONVICTION,-2.644498,MID,18.45,False,0.0,0.0,0.00,0.00
1704344100.0,CHOP,NO_GO,HOLD,13.33,SAFE,PRO,DEFENSIVE,1.0,0.25,Aegean:FLAT(0.50)|Orion:LONG(0.20),Regime: CHOP (Reduced Weights). Score: 0.13. Low Conviction (<0.35).,LOW_CONVICTION,1.473642,MID,17.53,False,0.0,0.0,0.00,0.00
1704344160.0,CHOP,NO_GO,HOLD,13.33,SAFE,PRO,DEFENSIVE,1.0,0.25,Aegean:FLAT(0.50)|Orion:LONG(0.20),Regime: CHOP (Reduced Weights). Score: 0.13. Low Conviction (<0.35).,LOW_CONVICTION,1.465726,MID,16.90,False,0.0,0.0,0.00,0.00
1704344220.0,CHOP,NO_GO,HOLD,13.33,SAFE,PRO,DEFENSIVE,1.0,0.25,Aegean:FLAT(0.50)|Orion:LONG(0.20),Regime: CHOP (Reduced Weights). Score: 0.13. Low Conviction (<0.35).,LOW_CONVICTION,1.954118,MID,16.72,False,0.0,0.0,0.00,0.00
1704344280.0,CHOP,NO_GO,HOLD,13.33,SAFE,PRO,DEFENSIVE,1.0,0.25,Aegean:FLAT(0.50)|Orion:LONG(0.20),Regime: CHOP (Reduced Weights). Score: 0.13. Low Conviction (<0.35).,LOW_CONVICTION,1.236902,MID,16.60,False,0.0,0.0,0.00,0.00
1704344340.0,CHOP,NO_GO,HOLD,13.33,SAFE,PRO,DEFENSIVE,1.0,0.25,Aegean:FLAT(0.50)|Orion:LONG(0.20),Regime: CHOP (Reduced Weights). Score: 0.13. Low Conviction (<0.35).,LOW_CONVICTION,1.430038,MID,16.14,False,0.0,0.0,0.00,0.00
1704344400.0,CHOP,NO_GO,HOLD,13.33,SAFE,PRO,DEFENSIVE,1.0,0.25,Aegean:FLAT(0.50)|Orion:LONG(0.20),Regime: CHOP (Reduced Weights). Score: 0.13. Low Conviction (<0.35).,LOW_CONVICTION,-1.885267,MID,15.36,False,0.0,0.0,0.00,0.00
1704344460.0,CHOP,NO_GO,HOLD,13.33,SAFE,PRO,DEFENSIVE,1.0,0.25,Aegean:FLAT(0.50)|Orion:LONG(0.20),Regime: CHOP (Reduced Weights). Score: 0.13. Low Conviction (<0.35).,LOW_CONVICTION,-0.777318,MID,14.81,False,0.0,0.0,0.00,0.00
1704344520.0,CHOP,NO_GO,HOLD,13.33,SAFE,PRO,DEFENSIVE,1.0,0.25,Aegean:FLAT(0.50)|Orion:LONG(0.20),Regime: CHOP (Reduced Weights). Score: 0.13. Low Conviction (<0.35).,LOW_CONVICTION,-2.082806,DIP,14.30,False,0.0,0.0,0.00,0.00
1704344580.0,CHOP,NO_GO,HOLD,13.33,SAFE,PRO,DEFENSIVE,1.0,0.25,Aegean:FLAT(0.50)|Orion:LONG(0.20),Regime: CHOP (Reduced Weights). Score: 0.13. Low Conviction (<0.35).,LOW_CONVICTION,3.075830,MID,14.35,False,0.0,0.0,0.00,0.00
1704344640.0,CHOP,NO_GO,HOLD,13.33,SAFE,PRO,DEFENSIVE,1.0,0.25,Aegean:FLAT(0.50)|Orion:LONG(0.20),Regime: CHOP (Reduced Weights). Score: 0.13. Low Conviction (<0.35).,LOW_CONVICTION,1.769663,MID,14.42,False,0.0,0.0,0.00,0.00
1704344700.0,CHOP,NO_GO,HOLD,13.33,SAFE,PRO,DEFENSIVE,1.0,0.25,Aegean:FLAT(0.50)|Orion:LONG(0.20),Regime: CHOP (Reduced Weights). Score: 0.13. Low Conviction (<0.35).,LOW_CONVICTION,3.601705,MID,14.85,False,0.0,0.0,0.00,0.00
1704344760.0,CHOP,NO_GO,HOLD,13.33,SAFE,PRO,DEFENSIVE,1.0,0.25,Aegean:FLAT(0.50)|Orion:LONG(0.20),Regime: CHOP (Reduced Weights). Score: 0.13. Low Conviction (<0.35).,LOW_CONVICTION,2.536992,MID,15.73,False,0.0,0.0,0.00,0.00
1704344820.0,CHOP,NO_GO,HOLD,13.33,SAFE,PRO,DEFENSIVE,1.0,0.25,Aegean:FLAT(0.50)|Orion:LONG(0.20),Regime: CHOP (Reduced Weights). Score: 0.13. Low Conviction (<0.35).,LOW_CONVICTION,-0.563010,MID,15.32,False,0.0,0.0,0.00,0.00
1704344880.0,CHOP,NO_GO,HOLD,13.33,SAFE,PRO,DEFENSIVE,1.0,0.25,Aegean:FLAT(0.50)|Orion:LONG(0.20),Regime: CHOP (Reduced Weights). Score: 0.13. Low Conviction (<0.35).,LOW_CONVICTION,0.739602,MID,14.75,False,0.0,0.0,0.00,0.00
1704344940.0,CHOP,NO_GO,HOLD,13.33,SAFE,PRO,DEFENSIVE,1.0,0.25,Aegean:FLAT(0.50)|Orion:LONG(0.20),Regime: CHOP (Reduced Weights). Score: 0.13. Low Conviction (<0.35).,LOW_CONVICTION,0.021905,MID,14.23,False,0.0,0.0,0.00,0.00
1704345000.0,CHOP,NO_GO,HOLD,13.33,SAFE,PRO,DEFENSIVE,1.0,0.25,Aegean:FLAT(0.50)|Orion:LONG(0.20),Regime: CHOP (Reduced Weights). Score: 0.13. Low Conviction (<0.35).,LOW_CONVICTION,0.027161,MID,13.49,False,0.0,0.0,0.00,0.00
1704345060.0,CHOP,NO_GO,HOLD,13.33,SAFE,PRO,DEFENSIVE,1.0,0.25,Aegean:FLAT(0.50)|Orion:LONG(0.20),Regime: CHOP (Reduced Weights). Score: 0.13. Low Conviction (<0.35).,LOW_CONVICTION,-0.726094,MID,13.09,False,0.0,0.0,0.00,0.00
1704345120.0,CHOP,NO_GO,HOLD,13.33,SAFE,PRO,DEFENSIVE,1.0,0.25,Aegean:FLAT(0.50)|Orion:LONG(0.20),Regime: CHOP (Reduced Weights). Score: 0.13. Low Conviction (<0.35).,LOW_CONVICTION,1.447469,MID,13.06,False,0.0,0.0,0.00,0.00
1704345180.0,CHOP,NO_GO,HOLD,13.33,SAFE,PRO,DEFENSIVE,1.0,0.25,Aegean:FLAT(0.50)|Orion:LONG(0.20),Regime: CHOP (Reduced Weights). Score: 0.13. Low Conviction (<0.35).,LOW_CONVICTION,2.650350,MID,13.61,False,0.0,0.0,0.00,0.00
1704345240.0,CHOP,NO_GO,HOLD,13.33,SAFE,PRO,DEFENSIVE,1.0,0.25,Aegean:FLAT(0.50)|Orion:LONG(0.20),Regime: CHOP (Reduced Weights). Score: 0.13. Low Conviction (<0.35).,LOW_CONVICTION,1.613413,MID,14.09,False,0.0,0.0,0.00,0.00
1704345300.0,CHOP,NO_GO,HOLD,13.33,SAFE,PRO,DEFENSIVE,1.0,0.25,Aegean:FLAT(0.30)|Orion:LONG(0.20),Regime: CHOP (Reduced Weights). Score: 0.13. Low Conviction (<0.35).,LOW_CONVICTION,4.872808,TOP,15.55,False,0.0,0.0,0.00,0.00
1704345360.0,CHOP,NO_GO,HOLD,13.33,SAFE,PRO,DEFENSIVE,1.0,0.25,Aegean:FLAT(0.50)|Orion:LONG(0.20),Regime: CHOP (Reduced Weights). Score: 0.13. Low Conviction (<0.35).,LOW_CONVICTION,1.656927,MID,16.64,False,0.0,0.0,0.00,0.00
1704345420.0,CHOP,NO_GO,HOLD,13.33,SAFE,PRO,DEFENSIVE,1.0,0.25,Aegean:FLAT(0.50)|Orion:LONG(0.20),Regime: CHOP (Reduced Weights). Score: 0.13. Low Conviction (<0.35).,LOW_CONVICTION,1.732874,MID,17.63,False,0.0,0.0,0.00,0.00
1704345480.0,CHOP,NO_GO,HOLD,13.33,SAFE,PRO,DEFENSIVE,1.0,0.25,Aegean:FLAT(0.50)|Orion:LONG(0.20),Regime: CHOP (Reduced Weights). Score: 0.13. Low Conviction (<0.35).,LOW_CONVICTION,2.609347,MID,18.66,False,0.0,0.0,0.00,0.00
1704345540.0,CHOP,NO_GO,HOLD,13.33,SAFE,PRO,DEFENSIVE,1.0,0.25,Aegean:FLAT(0.50)|Orion:LONG(0.20),Regime: CHOP (Reduced Weights). Score: 0.13. Low Conviction (<0.35).,LOW_CONVICTION,-0.417416,MID,18.41,False,0.0,0.0,0.00,0.00
1704345600.0,CHOP,NO_GO,HOLD,13.33,SAFE,PRO,DEFENSIVE,1.0,0.25,Aegean:FLAT(0.50)|Orion:SHORT(0.20),Regime: CHOP (Reduced Weights). Score: -0.13. Low Conviction (<0.35).,LOW_CONVICTION,-4.186516,DIP,17.97,False,0.0,0.0,0.00,0.00
1704345660.0,CHOP,NO_GO,HOLD,13.33,SAFE,PRO,DEFENSIVE,1.0,0.25,Aegean:FLAT(0.50)|Orion:SHORT(0.20),Regime: CHOP (Reduced Weights). Score: -0.13. Low Conviction (<0.35).,LOW_CONVICTION,-2.174106,MID,17.72,False,0.0,0.0,0.00,0.00
1704345720.0,CHOP,NO_GO,HOLD,13.33,SAFE,PRO,DEFENSIVE,1.0,0.25,Aegean:FLAT(0.50)|Orion:SHORT(0.20),Regime: CHOP (Reduced Weights). Score: -0.13. Low Conviction (<0.35).,LOW_CONVICTION,-3.917484,DIP,17.48,False,0.0,0.0,0.00,0.00
1704345780.0,CHOP,NO_GO,HOLD,13.33,SAFE,PRO,DEFENSIVE,1.0,0.25,Aegean:FLAT(0.30)|Orion:SHORT(0.20),Regime: CHOP (Reduced Weights). Score: -0.13. Low Conviction (<0.35).,LOW_CONVICTION,-5.588316,DIP,18.09,False,0.0,0.0,0.00,0.00
1704345840.0,CHOP,NO_GO,HOLD,13.33,SAFE,PRO,DEFENSIVE,1.0,0.25,Aegean:FLAT(0.30)|Orion:SHORT(0.20),Regime: CHOP (Reduced Weights). Score: -0.13. Low Conviction (<0.35).,LOW_CONVICTION,-4.886499,DIP,19.04,False,0.0,0.0,0.00,0.00
1704345900.0,CHOP,NO_GO,HOLD,13.33,SAFE,PRO,DEFENSIVE,1.0,0.25,Aegean:FLAT(0.30)|Orion:SHORT(0.20),Regime: CHOP (Reduced Weights). Score: -0.13. Low Conviction (<0.35).,LOW_CONVICTION,-4.556399,DIP,19.50,False,0.0,0.0,0.00,0.00
1704345960.0,CHOP,NO_GO,HOLD,13.33,SAFE,PRO,DEFENSIVE,1.0,0.25,Aegean:FLAT(0.50)|Orion:SHORT(0.20),Regime: CHOP (Reduced Weights). Score: -0.13. Low Conviction (<0.35).,LOW_CONVICTION,-3.680560,MID,19.94,False,0.0,0.0,0.00,0.00
1704346020.0,TREND,NO_GO,HOLD,13.33,SAFE,PRO,DEFENSIVE,1.0,0.25,Aegean:FLAT(0.30)|Orion:SHORT(0.20),Regime: TREND (Orion 2x). Score: -0.13. Low Conviction (<0.35).,LOW_CONVICTION,-4.437689,DIP,20.97,False,0.0,0.0,0.00,0.00
1704346080.0,TREND,NO_GO,HOLD,13.33,SAFE,PRO,DEFENSIVE,1.0,0.25,Aegean:FLAT(0.50)|Orion:SHORT(0.20),Regime: TREND (Orion 2x). Score: -0.13. Low Conviction (<0.35).,LOW_CONVICTION,-3.725344,DIP,21.89,False,0.0,0.0,0.00,0.00
1704346140.0,TREND,NO_GO,HOLD,13.33,SAFE,PRO,DEFENSIVE,1.0,0.25,Aegean:FLAT(0.50)|Orion:SHORT(0.20),Regime: TREND (Orion 2x). Score: -0.13. Low Conviction (<0.35).,LOW_CONVICTION,-3.319413,DIP,22.74,False,0.0,0.0,0.00,0.00
1704346200.0,TREND,NO_GO,HOLD,13.33,SAFE,PRO,DEFENSIVE,1.0,0.25,Aegean:FLAT(0.50)|Orion:SHORT(0.20),Regime: TREND (Orion 2x). Score: -0.13. Low Conviction (<0.35).,LOW_CONVICTION,-1.679750,MID,22.58,False,0.0,0.0,0.00,0.00
1704346260.0,TREND,NO_GO,HOLD,13.33,SAFE,PRO,DEFENSIVE,1.0,0.25,Aegean:FLAT(0.50)|Orion:SHORT(0.20),Regime: TREND (Orion 2x). Score: -0.13. Low Conviction (<0.35).,LOW_CONVICTION,-4.288581,DIP,23.02,False,0.0,0.0,0.00,0.00
1704346320.0,TREND,NO_GO,HOLD,13.33,SAFE,PRO,DEFENSIVE,1.0,0.25,Aegean:FLAT(0.50)|Orion:SHORT(0.20),Regime: TREND (Orion 2x). Score: -0.13. Low Conviction (<0.35).,LOW_CONVICTION,0.386469,MID,22.84,False,0.0,0.0,0.00,0.00
1704346380.0,TREND,NO_GO,HOLD,13.33,SAFE,PRO,DEFENSIVE,1.0,0.25,Aegean:FLAT(0.50)|Orion:SHORT(0.20),Regime: TREND (Orion 2x). Score: -0.13. Low Conviction (<0.35).,LOW_CONVICTION,0.665408,MID,22.49,False,0.0,0.0,0.00,0.00
1704346440.0,TREND,NO_GO,HOLD,13.33,SAFE,PRO,DEFENSIVE,1.0,0.25,Aegean:FLAT(0.50)|Orion:SHORT(0.20),Regime: TREND (Orion 2x). Score: -0.13. Low Conviction (<0.35).,LOW_CONVICTION,0.666061,MID,21.98,False,0.0,0.0,0.00,0.00
1704346500.0,TREND,NO_GO,HOLD,13.33,SAFE,PRO,DEFENSIVE,1.0,0.25,Aegean:FLAT(0.50)|Orion:LONG(0.20),Regime: TREND (Orion 2x). Score: 0.13. Low Conviction (<0.35).,LOW_CONVICTION,2.459629,MID,20.87,False,0.0,0.0,0.00,0.00
1704346560.0,TREND,NO_GO,HOLD,13.33,SAFE,PRO,DEFENSIVE,1.0,0.25,Aegean:FLAT(0.30)|Orion:LONG(0.20),Regime: TREND (Orion 2x). Score: 0.13. Low Conviction (<0.35).,LOW_CONVICTION,7.599720,TOP,21.64,False,0.0,0.0,0.00,0.00
1704346620.0,TREND,NO_GO,HOLD,13.33,SAFE,PRO,DEFENSIVE,1.0,0.25,Aegean:FLAT(0.30)|Orion:LONG(0.20),Regime: TREND (Orion 2x). Score: 0.13. Low Conviction (<0.35).,LOW_CONVICTION,9.973134,TOP,23.14,False,0.0,0.0,0.00,0.00
1704346680.0,TREND,NO_GO,HOLD,13.33,SAFE,PRO,DEFENSIVE,1.0,0.25,Aegean:FLAT(0.30)|Orion:LONG(0.20),Regime: TREND (Orion 2x). Score: 0.13. Low Conviction (<0.35).,LOW_CONVICTION,7.669909,TOP,24.58,False,0.0,0.0,0.00,0.00
1704346740.0,TREND,NO_GO,HOLD,10.83,SAFE,PRO,DEFENSIVE,1.0,0.25,Aegean:FLAT(0.30)|Orion:LONG(0.16),Regime: TREND (Orion 2x). Score: 0.11. Low Conviction (<0.35).,LOW_CONVICTION,11.018455,TOP,26.50,True,0.0,0.0,0.00,0.00
1704346800.0,TREND,GO,BUY,37.51,SAFE,PRO,DEFENSIVE,1.0,0.25,Aegean:LONG(0.70)|Orion:LONG(0.21),Regime: TREND (Orion 2x). Score: 0.38. Bullish Consensus.,,6.521599,MID,28.51,True,7.8,7.0,0.00,5.47
1704346860.0,TREND,GO,BUY,40.70,SAFE,PRO,DEFENSIVE,1.0,0.25,Aegean:LONG(0.70)|Orion:LONG(0.26),Regime: TREND (Orion 2x). Score: 0.41. Bullish Consensus.,,7.176428,MID,30.42,True,8.1,7.0,0.00,5.86
1704346920.0,TREND,NO_GO,HOLD,18.20,SAFE,PRO,DEFENSIVE,1.0,0.25,Aegean:FLAT(0.50)|Orion:LONG(0.27),Regime: TREND (Orion 2x). Score: 0.18. Low Conviction (<0.35).,LOW_CONVICTION,3.238726,MID,30.92,True,0.0,0.0,0.00,0.00
1704346980.0,TREND,GO,BUY,41.60,SAFE,PRO,DEFENSIVE,1.0,0.25,Aegean:LONG(0.70)|Orion:LONG(0.27),Regime: TREND (Orion 2x). Score: 0.42. Bullish Consensus.,,6.154588,MID,30.96,True,8.9,7.0,0.00,5.81
1704347040.0,TREND,GO,BUY,41.66,SAFE,PRO,DEFENSIVE,1.0,0.25,Aegean:LONG(0.70)|Orion:LONG(0.27),Regime: TREND (Orion 2x). Score: 0.42. Bullish Consensus.,,5.450250,MID,30.99,True,8.6,7.0,0.00,5.72
1704347100.0,TREND,GO,BUY,40.80,SAFE,PRO,DEFENSIVE,1.0,0.25,Aegean:LONG(0.70)|Orion:LONG(0.26),Regime: TREND (Orion 2x). Score: 0.41. Bullish Consensus.,,4.567649,MID,30.48,True,8.4,7.0,0.00,5.51
1704347160.0,TREND,NO_GO,HOLD,16.67,SAFE,PRO,DEFENSIVE,1.0,0.25,Aegean:FLAT(0.50)|Orion:LONG(0.25),Regime: TREND (Orion 2x). Score: 0.17. Low Conviction (<0.35).,LOW_CONVICTION,4.112070,MID,30.00,True,0.0,0.0,0.00,0.00
1704347220.0,TREND,NO_GO,HOLD,13.33,SAFE,PRO,DEFENSIVE,1.0,0.25,Aegean:FLAT(0.50)|Orion:LONG(0.20),Regime: TREND (Orion 2x). Score: 0.13. Low Conviction (<0.35).,LOW_CONVICTION,2.843045,MID,28.00,True,0.0,0.0,0.00,0.00
1704347280.0,TREND,NO_GO,HOLD,10.32,SAFE,PRO,DEFENSIVE,1.0,0.25,Aegean:FLAT(0.50)|Orion:LONG(0.15),Regime: TREND (Orion 2x). Score: 0.10. Low Conviction (<0.35).,LOW_CONVICTION,0.679911,MID,26.19,True,0.0,0.0,0.00,0.00
1704347340.0,TREND,NO_GO,HOLD,9.70,SAFE,PRO,DEFENSIVE,1.0,0.25,Aegean:FLAT(0.50)|Orion:SHORT(0.15),Regime: TREND (Orion 2x). Score: -0.10. Low Conviction (<0.35).,LOW_CONVICTION,-4.143854,MID,25.82,True,0.0,0.0,0.00,0.00
1704347400.0,TREND,NO_GO,HOLD,10.21,SAFE,PRO,DEFENSIVE,1.0,0.25,Aegean:FLAT(0.50)|Orion:SHORT(0.15),Regime: TREND (Orion 2x). Score: -0.10. Low Conviction (<0.35).,LOW_CONVICTION,-3.465999,MID,26.13,True,0.0,0.0,0.00,0.00
1704347460.0,TREND,NO_GO,HOLD,34.13,SAFE,PRO,DEFENSIVE,1.0,0.25,Aegean:SHORT(0.70)|Orion:SHORT(0.16),Regime: TREND (Orion 2x). Score: -0.34. Low Conviction (<0.35).,LOW_CONVICTION,-5.118090,MID,26.48,True,0.0,0.0,0.00,0.00
1704347520.0,TREND,NO_GO,HOLD,11.21,SAFE,PRO,DEFENSIVE,1.0,0.25,Aegean:FLAT(0.50)|Orion:SHORT(0.17),Regime: TREND (Orion 2x). Score: -0.11. Low Conviction (<0.35).,LOW_CONVICTION,-3.473004,MID,26.73,True,0.0,0.0,0.00,0.00
1704347580.0,TREND,NO_GO,HOLD,11.85,SAFE,PRO,DEFENSIVE,1.0,0.25,Aegean:FLAT(0.50)|Orion:SHORT(0.18),Regime: TREND (Orion 2x). Score: -0.12. Low Conviction (<0.35).,LOW_CONVICTION,-4.145744,DIP,27.11,True,0.0,0.0,0.00,0.00
1704347640.0,TREND,NO_GO,HOLD,12.44,SAFE,PRO,DEFENSIVE,1.0,0.25,Aegean:FLAT(0.50)|Orion:SHORT(0.19),Regime: TREND (Orion 2x). Score: -0.12. Low Conviction (<0.35).,LOW_CONVICTION,-3.624829,DIP,27.46,True,0.0,0.0,0.00,0.00
1704347700.0,TREND,NO_GO,HOLD,10.08,SAFE,PRO,DEFENSIVE,1.0,0.25,Aegean:FLAT(0.50)|Orion:LONG(0.15),Regime: TREND (Orion 2x). Score: 0.10. Low Conviction (<0.35).,LOW_CONVICTION,0.714020,MID,26.05,True,0.0,0.0,0.00,0.00
1704347760.0,TREND,NO_GO,HOLD,13.33,SAFE,PRO,DEFENSIVE,1.0,0.25,Aegean:FLAT(0.50)|Orion:LONG(0.20),Regime: TREND (Orion 2x). Score: 0.13. Low Conviction (<0.35).,LOW_CONVICTION,1.782617,MID,24.38,False,0.0,0.0,0.00,0.00
1704347820.0,TREND,NO_GO,HOLD,13.33,SAFE,PRO,DEFENSIVE,1.0,0.25,Aegean:FLAT(0.50)|Orion:LONG(0.20),Regime: TREND (Orion 2x). Score: 0.13. Low Conviction (<0.35).,LOW_CONVICTION,-0.702271,MID,22.94,False,0.0,0.0,0.00,0.00
1704347880.0,TREND,NO_GO,HOLD,13.33,SAFE,PRO,DEFENSIVE,1.0,0.25,Aegean:FLAT(0.50)|Orion:LONG(0.20),Regime: TREND (Orion 2x). Score: 0.13. Low Conviction (<0.35).,LOW_CONVICTION,0.325840,MID,21.61,False,0.0,0.0,0.00,0.00
1704347940.0,TREND,NO_GO,HOLD,13.33,SAFE,PRO,DEFENSIVE,1.0,0.25,Aegean:FLAT(0.50)|Orion:LONG(0.20),Regime: TREND (Orion 2x). Score: 0.13. Low Conviction (<0.35).,LOW_CONVICTION,1.100279,MID,20.16,False,0.0,0.0,0.00,0.00
1704348000.0,TREND,NO_GO,HOLD,13.33,SAFE,PRO,DEFENSIVE,1.0,0.25,Aegean:FLAT(0.50)|Orion:LONG(0.20),Regime: TREND (Orion 2x). Score: 0.13. Low Conviction (<0.35).,LOW_CONVICTION,1.347163,MID,19.47,False,0.0,0.0,0.00,0.00
1704348060.0,CHOP,NO_GO,HOLD,13.33,SAFE,PRO,DEFENSIVE,1.0,0.25,Aegean:FLAT(0.50)|Orion:LONG(0.20),Regime: CHOP (Reduced Weights). Score: 0.13. Low Conviction (<0.35).,LOW_CONVICTION,2.001544,MID,18.12,False,0.0,0.0,0.00,0.00
1704348120.0,CHOP,NO_GO,HOLD,13.33,SAFE,PRO,DEFENSIVE,1.0,0.25,Aegean:FLAT(0.50)|Orion:LONG(0.20),Regime: CHOP (Reduced Weights). Score: 0.13. Low Conviction (<0.35).,LOW_CONVICTION,2.271820,MID,16.87,False,0.0,0.0,0.00,0.00
1704348180.0,CHOP,NO_GO,HOLD,13.33,SAFE,PRO,DEFENSIVE,1.0,0.25,Aegean:FLAT(0.50)|Orion:LONG(0.20),Regime: CHOP (Reduced Weights). Score: 0.13. Low Conviction (<0.35).,LOW_CONVICTION,3.609181,MID,16.32,False,0.0,0.0,0.00,0.00
1704348240.0,CHOP,NO_GO,HOLD,13.33,SAFE,PRO,DEFENSIVE,1.0,0.25,Aegean:FLAT(0.50)|Orion:LONG(0.20),Regime: CHOP (Reduced Weights). Score: 0.13. Low Conviction (<0.35).,LOW_CONVICTION,4.254817,TOP,16.22,False,0.0,0.0,0.00,0.00
1704348300.0,CHOP,NO_GO,HOLD,13.33,SAFE,PRO,DEFENSIVE,1.0,0.25,Aegean:FLAT(0.50)|Orion:LONG(0.20),Regime: CHOP (Reduced Weights). Score: 0.13. Low Conviction (<0.35).,LOW_CONVICTION,1.292938,MID,15.26,False,0.0,0.0,0.00,0.00
1704348360.0,CHOP,NO_GO,HOLD,13.33,SAFE,PRO,DEFENSIVE,1.0,0.25,Aegean:FLAT(0.50)|Orion:LONG(0.20),Regime: CHOP (Reduced Weights). Score: 0.13. Low Conviction (<0.35).,LOW_CONVICTION,3.202902,TOP,14.36,False,0.0,0.0,0.00,0.00
1704348420.0,CHOP,NO_GO,HOLD,13.33,SAFE,PRO,DEFENSIVE,1.0,0.25,Aegean:FLAT(0.50)|Orion:LONG(0.20),Regime: CHOP (Reduced Weights). Score: 0.13. Low Conviction (<0.35).,LOW_CONVICTION,2.098362,MID,13.80,False,0.0,0.0,0.00,0.00
1704348480.0,CHOP,NO_GO,HOLD,13.33,SAFE,PRO,DEFENSIVE,1.0,0.25,Aegean:FLAT(0.50)|Orion:LONG(0.20),Regime: CHOP (Reduced Weights). Score: 0.13. Low Conviction (<0.35).,LOW_CONVICTION,-1.617749,MID,13.51,False,0.0,0.0,0.00,0.00
1704348540.0,CHOP,NO_GO,HOLD,13.33,SAFE,PRO,DEFENSIVE,1.0,0.25,Aegean:FLAT(0.50)|Orion:LONG(0.20),Regime: CHOP (Reduced Weights). Score: 0.13. Low Conviction (<0.35).,LOW_CONVICTION,-1.365741,MID,13.40,False,0.0,0.0,0.00,0.00
1704348600.0,CHOP,NO_GO,HOLD,13.33,SAFE,PRO,DEFENSIVE,1.0,0.25,Aegean:FLAT(0.50)|Orion:LONG(0.20),Regime: CHOP (Reduced Weights). Score: 0.13. Low Conviction (<0.35).,LOW_CONVICTION,-1.227046,MID,13.84,False,0.0,0.0,0.00,0.00
1704348660.0,CHOP,NO_GO,HOLD,13.33,SAFE,PRO,DEFENSIVE,1.0,0.25,Aegean:FLAT(0.50)|Orion:LONG(0.20),Regime: CHOP (Reduced Weights). Score: 0.13. Low Conviction (<0.35).,LOW_CONVICTION,1.489780,MID,12.94,False,0.0,0.0,0.00,0.00
1704348720.0,CHOP,NO_GO,HOLD,13.33,SAFE,PRO,DEFENSIVE,1.0,0.25,Aegean:FLAT(0.50)|Orion:LONG(0.20),Regime: CHOP (Reduced Weights). Score: 0.13. Low Conviction (<0.35).,LOW_CONVICTION,-1.870518,MID,12.33,False,0.0,0.0,0.00,0.00
1704348780.0,CHOP,NO_GO,HOLD,13.33,SAFE,PRO,DEFENSIVE,1.0,0.25,Aegean:FLAT(0.30)|Orion:SHORT(0.20),Regime: CHOP (Reduced Weights). Score: -0.13. Low Conviction (<0.35).,LOW_CONVICTION,-6.023808,DIP,13.25,False,0.0,0.0,0.00,0.00
1704348840.0,CHOP,NO_GO,HOLD,13.33,SAFE,PRO,DEFENSIVE,1.0,0.25,Aegean:FLAT(0.30)|Orion:SHORT(0.20),Regime: CHOP (Reduced Weights). Score: -0.13. Low Conviction (<0.35).,LOW_CONVICTION,-6.807640,DIP,14.66,False,0.0,0.0,0.00,0.00
1704348900.0,CHOP,NO_GO,HOLD,13.33,SAFE,PRO,DEFENSIVE,1.0,0.25,Aegean:FLAT(0.50)|Orion:SHORT(0.20),Regime: CHOP (Reduced Weights). Score: -0.13. Low Conviction (<0.35).,LOW_CONVICTION,-4.156566,MID,15.58,False,0.0,0.0,0.00,0.00
1704348960.0,CHOP,NO_GO,HOLD,13.33,SAFE,PRO,DEFENSIVE,1.0,0.25,Aegean:FLAT(0.50)|Orion:SHORT(0.20),Regime: CHOP (Reduced Weights). Score: -0.13. Low Conviction (<0.35).,LOW_CONVICTION,-2.335360,MID,15.64,False,0.0,0.0,0.00,0.00
1704349020.0,CHOP,NO_GO,HOLD,13.33,SAFE,PRO,DEFENSIVE,1.0,0.25,Aegean:FLAT(0.50)|Orion:SHORT(0.20),Regime: CHOP (Reduced Weights). Score: -0.13. Low Conviction (<0.35).,LOW_CONVICTION,-1.179089,MID,15.46,False,0.0,0.0,0.00,0.00
1704349080.0,CHOP,NO_GO,HOLD,13.33,SAFE,PRO,DEFENSIVE,1.0,0.25,Aegean:FLAT(0.50)|Orion:SHORT(0.20),Regime: CHOP (Reduced Weights). Score: -0.13. Low Conviction (<0.35).,LOW_CONVICTION,-3.714473,MID,15.80,False,0.0,0.0,0.00,0.00
1704349140.0,CHOP,NO_GO,HOLD,13.33,SAFE,PRO,DEFENSIVE,1.0,0.25,Aegean:FLAT(0.50)|Orion:SHORT(0.20),Regime: CHOP (Reduced Weights). Score: -0.13. Low Conviction (<0.35).,LOW_CONVICTION,-4.206777,DIP,16.37,False,0.0,0.0,0.00,0.00
1704349200.0,CHOP,NO_GO,HOLD,13.33,SAFE,PRO,DEFENSIVE,1.0,0.25,Aegean:FLAT(0.30)|Orion:SHORT(0.20),Regime: CHOP (Reduced Weights). Score: -0.13. Low Conviction (<0.35).,LOW_CONVICTION,-4.921799,DIP,17.21,False,0.0,0.0,0.00,0.00
1704349260.0,CHOP,NO_GO,HOLD,13.33,SAFE,PRO,DEFENSIVE,1.0,0.25,Aegean:FLAT(0.30)|Orion:SHORT(0.20),Regime: CHOP (Reduced Weights). Score: -0.13. Low Conviction (<0.35).,LOW_CONVICTION,-6.723720,DIP,18.59,False,0.0,0.0,0.00,0.00
1704349320.0,CHOP,NO_GO,HOLD,13.33,SAFE,PRO,DEFENSIVE,1.0,0.25,Aegean:FLAT(0.30)|Orion:SHORT(0.20),Regime: CHOP (Reduced Weights). Score: -0.13. Low Conviction (<0.35).,LOW_CONVICTION,-4.433720,DIP,19.88,False,0.0,0.0,0.00,0.00
1704349380.0,CHOP,NO_GO,HOLD,13.33,SAFE,PRO,DEFENSIVE,1.0,0.25,Aegean:FLAT(0.50)|Orion:SHORT(0.20),Regime: CHOP (Reduced Weights). Score: -0.13. Low Conviction (<0.35).,LOW_CONVICTION,-2.914667,MID,20.75,False,0.0,0.0,0.00,0.00
1704349440.0,TREND,NO_GO,HOLD,13.33,SAFE,PRO,DEFENSIVE,1.0,0.25,Aegean:FLAT(0.50)|Orion:SHORT(0.20),Regime: TREND (Orion 2x). Score: -0.13. Low Conviction (<0.35).,LOW_CONVICTION,-3.857070,DIP,21.36,False,0.0,0.0,0.00,0.00
1704349500.0,TREND,NO_GO,HOLD,13.33,SAFE,PRO,DEFENSIVE,1.0,0.25,Aegean:FLAT(0.50)|Orion:SHORT(0.20),Regime: TREND (Orion 2x). Score: -0.13. Low Conviction (<0.35).,LOW_CONVICTION,-3.031964,MID,21.93,False,0.0,0.0,0.00,0.00
1704349560.0,TREND,NO_GO,HOLD,13.33,SAFE,PRO,DEFENSIVE,1.0,0.25,Aegean:FLAT(0.50)|Orion:SHORT(0.20),Regime: TREND (Orion 2x). Score: -0.13. Low Conviction (<0.35).,LOW_CONVICTION,-2.428865,MID,21.26,False,0.0,0.0,0.00,0.00
1704349620.0,TREND,NO_GO,HOLD,13.33,SAFE,PRO,DEFENSIVE,1.0,0.25,Aegean:FLAT(0.50)|Orion:SHORT(0.20),Regime: TREND (Orion 2x). Score: -0.13. Low Conviction (<0.35).,LOW_CONVICTION,-1.545780,MID,20.60,False,0.0,0.0,0.00,0.00
1704349680.0,TREND,NO_GO,HOLD,13.33,SAFE,PRO,DEFENSIVE,1.0,0.25,Aegean:FLAT(0.50)|Orion:SHORT(0.20),Regime: TREND (Orion 2x). Score: -0.13. Low Conviction (<0.35).,LOW_CONVICTION,-0.870124,MID,19.98,False,0.0,0.0,0.00,0.00
1704349740.0,TREND,NO_GO,HOLD,13.33,SAFE,PRO,DEFENSIVE,1.0,0.25,Aegean:FLAT(0.50)|Orion:SHORT(0.20),Regime: TREND (Orion 2x). Score: -0.13. Low Conviction (<0.35).,LOW_CONVICTION,0.150202,MID,20.09,False,0.0,0.0,0.00,0.00
1704349800.0,TREND,NO_GO,HOLD,13.33,SAFE,PRO,DEFENSIVE,1.0,0.25,Aegean:FLAT(0.50)|Orion:SHORT(0.20),Regime: TREND (Orion 2x). Score: -0.13. Low Conviction (<0.35).,LOW_CONVICTION,1.578829,MID,19.41,False,0.0,0.0,0.00,0.00
1704349860.0,TREND,NO_GO,HOLD,13.33,SAFE,PRO,DEFENSIVE,1.0,0.25,Aegean:FLAT(0.50)|Orion:SHORT(0.20),Regime: TREND (Orion 2x). Score: -0.13. Low Conviction (<0.35).,LOW_CONVICTION,-1.395439,MID,19.87,False,0.0,0.0,0.00,0.00
1704349920.0,TREND,NO_GO,HOLD,13.33,SAFE,PRO,DEFENSIVE,1.0,0.25,Aegean:FLAT(0.50)|Orion:SHORT(0.20),Regime: TREND (Orion 2x). Score: -0.13. Low Conviction (<0.35).,LOW_CONVICTION,0.308496,MID,20.31,False,0.0,0.0,0.00,0.00
1704349980.0,TREND,NO_GO,HOLD,13.33,SAFE,PRO,DEFENSIVE,1.0,0.25,Aegean:FLAT(0.50)|Orion:SHORT(0.20),Regime: TREND (Orion 2x). Score: -0.13. Low Conviction (<0.35).,LOW_CONVICTION,1.074224,MID,20.15,False,0.0,0.0,0.00,0.00
1704350040.0,TREND,NO_GO,HOLD,13.33,SAFE,PRO,DEFENSIVE,1.0,0.25,Aegean:FLAT(0.50)|Orion:LONG(0.20),Regime: TREND (Orion 2x). Score: 0.13. Low Conviction (<0.35).,LOW_CONVICTION,3.335319,TOP,18.90,False,0.0,0.0,0.00,0.00
1704350100.0,CHOP,NO_GO,HOLD,13.33,SAFE,PRO,DEFENSIVE,1.0,0.25,Aegean:FLAT(0.50)|Orion:LONG(0.20),Regime: CHOP (Reduced Weights). Score: 0.13. Low Conviction (<0.35).,LOW_CONVICTION,2.262288,TOP,18.06,False,0.0,0.0,0.00,0.00
1704350160.0,CHOP,NO_GO,HOLD,13.33,SAFE,PRO,DEFENSIVE,1.0,0.25,Aegean:FLAT(0.50)|Orion:LONG(0.20),Regime: CHOP (Reduced Weights). Score: 0.13. Low Conviction (<0.35).,LOW_CONVICTION,3.253121,TOP,16.81,False,0.0,0.0,0.00,0.00
1704350220.0,CHOP,NO_GO,HOLD,13.33,SAFE,PRO,DEFENSIVE,1.0,0.25,Aegean:FLAT(0.30)|Orion:LONG(0.20),Regime: CHOP (Reduced Weights). Score: 0.13. Low Conviction (<0.35).,LOW_CONVICTION,4.812646,TOP,16.44,False,0.0,0.0,0.00,0.00
1704350280.0,CHOP,NO_GO,HOLD,13.33,SAFE,PRO,DEFENSIVE,1.0,0.25,Aegean:FLAT(0.30)|Orion:LONG(0.20),Regime: CHOP (Reduced Weights). Score: 0.13. Low Conviction (<0.35).,LOW_CONVICTION,6.651980,TOP,16.65,False,0.0,0.0,0.00,0.00
1704350340.0,CHOP,NO_GO,HOLD,13.33,SAFE,PRO,DEFENSIVE,1.0,0.25,Aegean:FLAT(0.30)|Orion:LONG(0.20),Regime: CHOP (Reduced Weights). Score: 0.13. Low Conviction (<0.35).,LOW_CONVICTION,4.824980,TOP,16.91,False,0.0,0.0,0.00,0.00
1704350400.0,CHOP,NO_GO,HOLD,13.33,SAFE,PRO,DEFENSIVE,1.0,0.25,Aegean:FLAT(0.50)|Orion:LONG(0.20),Regime: CHOP (Reduced Weights). Score: 0.13. Low Conviction (<0.35).,LOW_CONVICTION,3.036166,MID,16.09,False,0.0,0.0,0.00,0.00
1704350460.0,CHOP,NO_GO,HOLD,13.33,SAFE,PRO,DEFENSIVE,1.0,0.25,Aegean:FLAT(0.50)|Orion:LONG(0.20),Regime: CHOP (Reduced Weights). Score: 0.13. Low Conviction (<0.35).,LOW_CONVICTION,0.358552,MID,15.09,False,0.0,0.0,0.00,0.00
1704350520.0,CHOP,NO_GO,HOLD,13.33,SAFE,PRO,DEFENSIVE,1.0,0.25,Aegean:FLAT(0.50)|Orion:LONG(0.20),Regime: CHOP (Reduced Weights). Score: 0.13. Low Conviction (<0.35).,LOW_CONVICTION,1.705330,MID,14.20,False,0.0,0.0,0.00,0.00
1704350580.0,CHOP,NO_GO,HOLD,13.33,SAFE,PRO,DEFENSIVE,1.0,0.25,Aegean:FLAT(0.50)|Orion:LONG(0.20),Regime: CHOP (Reduced Weights). Score: 0.13. Low Conviction (<0.35).,LOW_CONVICTION,3.247753,MID,13.79,False,0.0,0.0,0.00,0.00
1704350640.0,CHOP,NO_GO,HOLD,13.33,SAFE,PRO,DEFENSIVE,1.0,0.25,Aegean:FLAT(0.50)|Orion:LONG(0.20),Regime: CHOP (Reduced Weights). Score: 0.13. Low Conviction (<0.35).,LOW_CONVICTION,3.331730,TOP,13.57,False,0.0,0.0,0.00,0.00
1704350700.0,CHOP,NO_GO,HOLD,13.33,SAFE,PRO,DEFENSIVE,1.0,0.25,Aegean:FLAT(0.50)|Orion:LONG(0.20),Regime: CHOP (Reduced Weights). Score: 0.13. Low Conviction (<0.35).,LOW_CONVICTION,2.973878,TOP,13.61,False,0.0,0.0,0.00,0.00
1704350760.0,CHOP,NO_GO,HOLD,13.33,SAFE,PRO,DEFENSIVE,1.0,0.25,Aegean:FLAT(0.50)|Orion:LONG(0.20),Regime: CHOP (Reduced Weights). Score: 0.13. Low Conviction (<0.35).,LOW_CONVICTION,2.706658,TOP,13.61,False,0.0,0.0,0.00,0.00
1704350820.0,CHOP,NO_GO,HOLD,13.33,SAFE,PRO,DEFENSIVE,1.0,0.25,Aegean:FLAT(0.50)|Orion:LONG(0.20),Regime: CHOP (Reduced Weights). Score: 0.13. Low Conviction (<0.35).,LOW_CONVICTION,0.851252,MID,12.70,False,0.0,0.0,0.00,0.00
1704350880.0,CHOP,NO_GO,HOLD,13.33,SAFE,PRO,DEFENSIVE,1.0,0.25,Aegean:FLAT(0.50)|Orion:LONG(0.20),Regime: CHOP (Reduced Weights). Score: 0.13. Low Conviction (<0.35).,LOW_CONVICTION,-0.615194,MID,12.40,False,0.0,0.0,0.00,0.00
1704350940.0,CHOP,NO_GO,HOLD,13.33,SAFE,PRO,DEFENSIVE,1.0,0.25,Aegean:FLAT(0.50)|Orion:SHORT(0.20),Regime: CHOP (Reduced Weights). Score: -0.13. Low Conviction (<0.35).,LOW_CONVICTION,-2.555643,MID,13.05,False,0.0,0.0,0.00,0.00
1704351000.0,CHOP,NO_GO,HOLD,13.33,SAFE,PRO,DEFENSIVE,1.0,0.25,Aegean:FLAT(0.50)|Orion:SHORT(0.20),Regime: CHOP (Reduced Weights). Score: -0.13. Low Conviction (<0.35).,LOW_CONVICTION,-3.682607,MID,14.01,False,0.0,0.0,0.00,0.00
1704351060.0,CHOP,NO_GO,HOLD,13.33,SAFE,PRO,DEFENSIVE,1.0,0.25,Aegean:FLAT(0.50)|Orion:SHORT(0.20),Regime: CHOP (Reduced Weights). Score: -0.13. Low Conviction (<0.35).,LOW_CONVICTION,-3.126117,MID,14.89,False,0.0,0.0,0.00,0.00
1704351120.0,CHOP,NO_GO,HOLD,13.33,SAFE,PRO,DEFENSIVE,1.0,0.25,Aegean:FLAT(0.50)|Orion:SHORT(0.20),Regime: CHOP (Reduced Weights). Score: -0.13. Low Conviction (<0.35).,LOW_CONVICTION,-2.363915,DIP,15.73,False,0.0,0.0,0.00,0.00
1704351180.0,CHOP,NO_GO,HOLD,13.33,SAFE,PRO,DEFENSIVE,1.0,0.25,Aegean:FLAT(0.50)|Orion:SHORT(0.20),Regime: CHOP (Reduced Weights). Score: -0.13. Low Conviction (<0.35).,LOW_CONVICTION,-1.998814,DIP,16.38,False,0.0,0.0,0.00,0.00
1704351240.0,CHOP,NO_GO,HOLD,13.33,SAFE,PRO,DEFENSIVE,1.0,0.25,Aegean:FLAT(0.50)|Orion:SHORT(0.20),Regime: CHOP (Reduced Weights). Score: -0.13. Low Conviction (<0.35).,LOW_CONVICTION,-1.515813,DIP,16.48,False,0.0,0.0,0.00,0.00
1704351300.0,CHOP,NO_GO,HOLD,13.33,SAFE,PRO,DEFENSIVE,1.0,0.25,Aegean:FLAT(0.50)|Orion:SHORT(0.20),Regime: CHOP (Reduced Weights). Score: -0.13. Low Conviction (<0.35).,LOW_CONVICTION,-0.726226,MID,16.66,False,0.0,0.0,0.00,0.00
1704351360.0,CHOP,NO_GO,HOLD,13.33,SAFE,PRO,DEFENSIVE,1.0,0.25,Aegean:FLAT(0.50)|Orion:SHORT(0.20),Regime: CHOP (Reduced Weights). Score: -0.13. Low Conviction (<0.35).,LOW_CONVICTION,-1.564879,DIP,16.46,False,0.0,0.0,0.00,0.00
1704351420.0,CHOP,NO_GO,HOLD,13.33,SAFE,PRO,DEFENSIVE,1.0,0.25,Aegean:FLAT(0.50)|Orion:SHORT(0.20),Regime: CHOP (Reduced Weights). Score: -0.13. Low Conviction (<0.35).,LOW_CONVICTION,-0.551676,MID,16.52,False,0.0,0.0,0.00,0.00
1704351480.0,CHOP,NO_GO,HOLD,13.33,SAFE,PRO,DEFENSIVE,1.0,0.25,Aegean:FLAT(0.50)|Orion:LONG(0.20),Regime: CHOP (Reduced Weights). Score: 0.13. Low Conviction (<0.35).,LOW_CONVICTION,-0.014955,MID,16.21,False,0.0,0.0,0.00,0.00
1704351540.0,CHOP,NO_GO,HOLD,13.33,SAFE,PRO,DEFENSIVE,1.0,0.25,Aegean:FLAT(0.50)|Orion:LONG(0.20),Regime: CHOP (Reduced Weights). Score: 0.13. Low Conviction (<0.35).,LOW_CONVICTION,-0.042006,MID,15.91,False,0.0,0.0,0.00,0.00
1704351600.0,CHOP,NO_GO,HOLD,13.33,SAFE,PRO,DEFENSIVE,1.0,0.25,Aegean:FLAT(0.50)|Orion:LONG(0.20),Regime: CHOP (Reduced Weights). Score: 0.13. Low Conviction (<0.35).,LOW_CONVICTION,2.450044,MID,15.48,False,0.0,0.0,0.00,0.00
1704351660.0,CHOP,NO_GO,HOLD,13.33,SAFE,PRO,DEFENSIVE,1.0,0.25,Aegean:FLAT(0.50)|Orion:LONG(0.20),Regime: CHOP (Reduced Weights). Score: 0.13. Low Conviction (<0.35).,LOW_CONVICTION,1.229738,MID,15.08,False,0.0,0.0,0.00,0.00
1704351720.0,CHOP,NO_GO,HOLD,13.33,SAFE,PRO,DEFENSIVE,1.0,0.25,Aegean:FLAT(0.50)|Orion:LONG(0.20),Regime: CHOP (Reduced Weights). Score: 0.13. Low Conviction (<0.35).,LOW_CONVICTION,-0.257097,MID,14.70,False,0.0,0.0,0.00,0.00
1704351780.0,CHOP,NO_GO,HOLD,13.33,SAFE,PRO,DEFENSIVE,1.0,0.25,Aegean:FLAT(0.50)|Orion:LONG(0.20),Regime: CHOP (Reduced Weights). Score: 0.13. Low Conviction (<0.35).,LOW_CONVICTION,3.448348,MID,15.61,False,0.0,0.0,0.00,0.00
1704351840.0,CHOP,NO_GO,HOLD,13.33,SAFE,PRO,DEFENSIVE,1.0,0.25,Aegean:FLAT(0.30)|Orion:LONG(0.20),Regime: CHOP (Reduced Weights). Score: 0.13. Low Conviction (<0.35).,LOW_CONVICTION,7.965015,TOP,18.22,False,0.0,0.0,0.00,0.00
1704351900.0,TREND,GO,BUY,36.67,SAFE,PRO,DEFENSIVE,1.0,0.25,Aegean:LONG(0.70)|Orion:LONG(0.20),Regime: TREND (Orion 2x). Score: 0.37. Bullish Consensus.,,5.987114,MID,20.62,False,4.9,7.0,0.00,4.13
1704351960.0,TREND,NO_GO,HOLD,13.33,SAFE,PRO,DEFENSIVE,1.0,0.25,Aegean:FLAT(0.30)|Orion:LONG(0.20),Regime: TREND (Orion 2x). Score: 0.13. Low Conviction (<0.35).,LOW_CONVICTION,7.757871,TOP,21.48,False,0.0,0.0,0.00,0.00
1704352020.0,TREND,NO_GO,HOLD,13.33,SAFE,PRO,DEFENSIVE,1.0,0.25,Aegean:FLAT(0.50)|Orion:LONG(0.20),Regime: TREND (Orion 2x). Score: 0.13. Low Conviction (<0.35).,LOW_CONVICTION,-1.370650,MID,22.67,False,0.0,0.0,0.00,0.00
1704352080.0,TREND,NO_GO,HOLD,13.33,SAFE,PRO,DEFENSIVE,1.0,0.25,Aegean:FLAT(0.50)|Orion:SHORT(0.20),Regime: TREND (Orion 2x). Score: -0.13. Low Conviction (<0.35).,LOW_CONVICTION,-3.570564,MID,23.78,False,0.0,0.0,0.00,0.00
1704352140.0,TREND,NO_GO,HOLD,32.17,SAFE,PRO,DEFENSIVE,1.0,0.25,Aegean:SHORT(0.70)|Orion:SHORT(0.13),Regime: TREND (Orion 2x). Score: -0.32. Low Conviction (<0.35).,LOW_CONVICTION,-4.370262,MID,25.30,True,0.0,0.0,0.00,0.00
1704352200.0,TREND,NO_GO,HOLD,9.27,SAFE,PRO,DEFENSIVE,1.0,0.25,Aegean:FLAT(0.50)|Orion:LONG(0.14),Regime: TREND (Orion 2x). Score: 0.09. Low Conviction (<0.35).,LOW_CONVICTION,-0.939458,MID,25.56,True,0.0,0.0,0.00,0.00
1704352260.0,TREND,NO_GO,HOLD,9.65,SAFE,PRO,DEFENSIVE,1.0,0.25,Aegean:FLAT(0.50)|Orion:LONG(0.14),Regime: TREND (Orion 2x). Score: 0.10. Low Conviction (<0.35).,LOW_CONVICTION,-0.925078,MID,25.79,True,0.0,0.0,0.00,0.00
1704352320.0,TREND,NO_GO,HOLD,34.17,SAFE,PRO,DEFENSIVE,1.0,0.25,Aegean:SHORT(0.70)|Orion:SHORT(0.16),Regime: TREND (Orion 2x). Score: -0.34. Low Conviction (<0.35).,LOW_CONVICTION,-5.071192,MID,26.50,True,0.0,0.0,0.00,0.00
1704352380.0,TREND,GO,SELL,36.79,SAFE,PRO,DEFENSIVE,1.0,0.25,Aegean:SHORT(0.70)|Orion:SHORT(0.20),Regime: TREND (Orion 2x). Score: -0.37. Bearish Consensus.,,-5.549890,MID,28.07,True,11.6,7.0,0.00,5.26
1704352440.0,TREND,GO,SELL,39.27,SAFE,PRO,DEFENSIVE,1.0,0.25,Aegean:SHORT(0.70)|Orion:SHORT(0.24),Regime: TREND (Orion 2x). Score: -0.39. Bearish Consensus.,,-6.067505,MID,29.56,True,11.4,7.0,0.00,5.57
1704352500.0,TREND,GO,SELL,42.22,SAFE,PRO,DEFENSIVE,1.0,0.25,Aegean:SHORT(0.70)|Orion:SHORT(0.28),Regime: TREND (Orion 2x). Score: -0.42. Bearish Consensus.,,-7.305432,MID,31.33,True,12.1,7.0,0.00,6.03
1704352560.0,TREND,GO,SELL,45.07,SAFE,PRO,DEFENSIVE,1.0,0.25,Aegean:SHORT(0.70)|Orion:SHORT(0.33),Regime: TREND (Orion 2x). Score: -0.45. Bearish Consensus.,,-8.050619,MID,33.04,True,12.2,7.0,0.00,6.41
1704352620.0,TREND,GO,SELL,47.61,SAFE,PRO,DEFENSIVE,1.0,0.25,Aegean:SHORT(0.70)|Orion:SHORT(0.36),Regime: TREND (Orion 2x). Score: -0.48. Bearish Consensus.,,-7.527691,MID,34.56,True,11.9,7.0,0.00,6.58
1704352680.0,TREND,NO_GO,HOLD,27.40,SAFE,PRO,DEFENSIVE,1.0,0.25,Aegean:FLAT(0.30)|Orion:SHORT(0.41),Regime: TREND (Orion 2x). Score: -0.27. Low Conviction (<0.35).,LOW_CONVICTION,-9.918274,DIP,36.44,True,0.0,0.0,0.00,0.00
1704352740.0,TREND,NO_GO,HOLD,30.86,SAFE,PRO,DEFENSIVE,1.0,0.25,Aegean:FLAT(0.30)|Orion:SHORT(0.46),Regime: TREND (Orion 2x). Score: -0.31. Low Conviction (<0.35).,LOW_CONVICTION,-14.330016,DIP,38.52,True,0.0,0.0,0.00,0.00
1704352800.0,TREND,NO_GO,HOLD,34.03,SAFE,PRO,DEFENSIVE,1.0,0.25,Aegean:FLAT(0.30)|Orion:SHORT(0.51),Regime: TREND (Orion 2x). Score: -0.34. Low Conviction (<0.35).,LOW_CONVICTION,-12.054376,DIP,40.42,True,0.0,0.0,0.00,0.00
1704352860.0,TREND,GO,SELL,36.81,SAFE,PRO,DEFENSIVE,1.0,0.25,Aegean:FLAT(0.30)|Orion:SHORT(0.55),Regime: TREND (Orion 2x). Score: -0.37. Bearish Consensus.,,-11.090075,DIP,42.08,True,14.3,7.0,0.00,8.28
1704381480.0,TREND,GO,BUY,71.06,SAFE,SCALE,DEFENSIVE,1.0,0.25,Aegean:LONG(0.70)|Orion:LONG(0.72),Regime: TREND (Orion 2x). Score: 0.71. Bullish Consensus.,,15.255864,MID,48.63,True,23.6,7.0,0.00,9.87
