Timestamp,Symbol,Reason,Details,Meta
1704062760.0,BTCUSDT,REJECT_EDGE_TOO_LOW,Score 4.2 < 11.8 ,
1704063120.0,BTCUSDT,REJECT_EDGE_TOO_LOW,Score 10.1 < 11.8 ,
1704063180.0,BTCUSDT,REJECT_EDGE_TOO_LOW,Score 8.5 < 11.8 ,
1704063240.0,BTCUSDT,REJECT_EDGE_TOO_LOW,Score 8.1 < 11.8 ,
1704063300.0,BTCUSDT,REJECT_EDGE_TOO_LOW,Score 8.2 < 11.8 ,
1704063360.0,BTCUSDT,REJECT_EDGE_TOO_LOW,Score 8.4 < 11.8 ,
1704063420.0,BTCUSDT,REJECT_EDGE_TOO_LOW,Score 7.8 < 11.8 ,
1704063480.0,BTCUSDT,REJECT_EDGE_TOO_LOW,Score 8.9 < 11.8 ,
1704063540.0,BTCUSDT,REJECT_EDGE_TOO_LOW,"Score 9.0 < 11.8 (p95=9.0, p99=9.9)",
1704063600.0,BTCUSDT,REJECT_EDGE_TOO_LOW,"Score 8.8 < 11.8 (p95=9.0, p99=9.9)",
1704063660.0,BTCUSDT,REJECT_EDGE_TOO_LOW,"Score 9.1 < 11.8 (p95=9.1, p99=9.9)",
1704063720.0,BTCUSDT,REJECT_EDGE_TOO_LOW,"Score 8.6 < 11.8 (p95=9.1, p99=9.9)",
1704063780.0,BTCUSDT,REJECT_EDGE_TOO_LOW,"Score 7.8 < 11.8 (p95=9.1, p99=9.9)",
1704063840.0,BTCUSDT,REJECT_EDGE_TOO_LOW,"Score 8.5 < 11.8 (p95=9.1, p99=9.9)",
1704063900.0,BTCUSDT,REJECT_EDGE_TOO_LOW,"Score 7.8 < 11.8 (p95=9.1, p99=9.9)",
1704063960.0,BTCUSDT,REJECT_EDGE_TOO_LOW,"Score 7.8 < 11.8 (p95=9.1, p99=9.8)",
1704064020.0,BTCUSDT,REJECT_EDGE_TOO_LOW,"Score 8.0 < 11.8 (p95=9.1, p99=9.8)",
1704064080.0,BTCUSDT,REJECT_EDGE_TOO_LOW,"Score 8.4 < 11.8 (p95=9.1, p99=9.8)",
1704064140.0,BTCUSDT,REJECT_EDGE_TOO_LOW,"Score 8.1 < 11.8 (p95=9.1, p99=9.8)",
1704064200.0,BTCUSDT,REJECT_EDGE_TOO_LOW,"Score 8.7 < 11.8 (p95=9.1, p99=9.8)",
1704064260.0,BTCUSDT,REJECT_EDGE_TOO_LOW,"Score 8.8 < 11.8 (p95=9.1, p99=9.8)",
1704064320.0,BTCUSDT,REJECT_EDGE_TOO_LOW,"Score 8.8 < 11.8 (p95=9.1, p99=9.8)",
1704064380.0,BTCUSDT,REJECT_EDGE_TOO_LOW,"Score 8.7 < 11.8 (p95=9.1, p99=9.8)",
1704064440.0,BTCUSDT,REJECT_EDGE_TOO_LOW,"Score 9.0 < 11.8 (p95=9.0, p99=9.8)",
1704064500.0,BTCUSDT,REJECT_EDGE_TOO_LOW,"Score 9.4 < 11.8 (p95=9.2, p99=9.8)",
1704064560.0,BTCUSDT,REJECT_EDGE_TOO_LOW,"Score 9.6 < 11.8 (p95=9.4, p99=9.9)",
1704064620.0,BTCUSDT,REJECT_EDGE_TOO_LOW,"Score 9.9 < 11.8 (p95=9.7, p99=10.0)",
1704064680.0,BTCUSDT,REJECT_EDGE_TOO_LOW,"Score 10.2 < 11.8 (p95=9.9, p99=10.2)",
1704064740.0,BTCUSDT,REJECT_EDGE_TOO_LOW,"Score 10.1 < 11.8 (p95=10.1, p99=10.2)",
1704064800.0,BTCUSDT,REJECT_EDGE_TOO_LOW,"Score 10.8 < 11.8 (p95=10.1, p99=10.6)",
1704064860.0,BTCUSDT,REJECT_EDGE_TOO_LOW,"Score 11.2 < 11.8 (p95=10.2, p99=11.0)",
1704064920.0,BTCUSDT,REJECT_EDGE_TOO_LOW,"Score 10.3 < 11.8 (p95=10.3, p99=11.0)",
1704064980.0,BTCUSDT,REJECT_EDGE_TOO_LOW,"Score 10.2 < 11.8 (p95=10.3, p99=11.0)",
1704065040.0,BTCUSDT,REJECT_EDGE_TOO_LOW,"Score 10.2 < 11.8 (p95=10.3, p99=11.0)",
1704065100.0,BTCUSDT,REJECT_EDGE_TOO_LOW,"Score 9.9 < 11.8 (p95=10.3, p99=11.0)",
1704065160.0,BTCUSDT,REJECT_EDGE_TOO_LOW,"Score 9.2 < 11.8 (p95=10.3, p99=11.0)",
1704065220.0,BTCUSDT,REJECT_EDGE_TOO_LOW,"Score 9.1 < 11.8 (p95=10.3, p99=11.0)",
1704065280.0,BTCUSDT,REJECT_EDGE_TOO_LOW,"Score 8.6 < 11.8 (p95=10.3, p99=11.0)",
1704065340.0,BTCUSDT,REJECT_EDGE_TOO_LOW,"Score 8.3 < 11.8 (p95=10.3, p99=11.0)",
1704065400.0,BTCUSDT,REJECT_EDGE_TOO_LOW,"Score 8.2 < 11.8 (p95=10.3, p99=11.0)",
1704065460.0,BTCUSDT,REJECT_EDGE_TOO_LOW,"Score 8.0 < 11.8 (p95=10.3, p99=11.0)",
1704065520.0,BTCUSDT,REJECT_EDGE_TOO_LOW,"Score 8.0 < 11.8 (p95=10.3, p99=11.0)",
1704065580.0,BTCUSDT,REJECT_EDGE_TOO_LOW,"Score 7.6 < 11.8 (p95=10.3, p99=11.0)",
1704065640.0,BTCUSDT,REJECT_EDGE_TOO_LOW,"Score 7.2 < 11.8 (p95=10.3, p99=11.0)",
1704067980.0,BTCUSDT,REJECT_EDGE_TOO_LOW,"Score 8.1 < 11.8 (p95=10.2, p99=10.8)",
1704068040.0,BTCUSDT,REJECT_EDGE_TOO_LOW,"Score 8.4 < 11.8 (p95=10.2, p99=10.8)",
1704068100.0,BTCUSDT,REJECT_EDGE_TOO_LOW,"Score 8.8 < 11.8 (p95=10.2, p99=10.8)",
1704068160.0,BTCUSDT,REJECT_EDGE_TOO_LOW,"Score 9.5 < 11.8 (p95=10.2, p99=10.8)",
1704068220.0,BTCUSDT,REJECT_EDGE_TOO_LOW,"Score 9.0 < 11.8 (p95=10.2, p99=10.8)",
1704068280.0,BTCUSDT,REJECT_EDGE_TOO_LOW,"Score 8.5 < 11.8 (p95=10.2, p99=10.8)",
1704068340.0,BTCUSDT,REJECT_EDGE_TOO_LOW,"Score 8.1 < 11.8 (p95=10.2, p99=10.8)",
1704068400.0,BTCUSDT,REJECT_EDGE_TOO_LOW,"Score 7.9 < 11.8 (p95=10.2, p99=10.8)",
1704068460.0,BTCUSDT,REJECT_EDGE_TOO_LOW,"Score 7.5 < 11.8 (p95=10.2, p99=10.8)",
1704068520.0,BTCUSDT,REJECT_EDGE_TOO_LOW,"Score 7.5 < 11.8 (p95=10.2, p99=10.8)",
1704068580.0,BTCUSDT,REJECT_EDGE_TOO_LOW,"Score 7.5 < 11.8 (p95=10.2, p99=10.8)",
1704068640.0,BTCUSDT,REJECT_EDGE_TOO_LOW,"Score 7.5 < 11.8 (p95=10.2, p99=10.8)",
1704068700.0,BTCUSDT,REJECT_EDGE_TOO_LOW,"Score 7.8 < 11.8 (p95=10.2, p99=10.8)",
1704068760.0,BTCUSDT,REJECT_EDGE_TOO_LOW,"Score 7.2 < 11.8 (p95=10.2, p99=10.8)",
1704068820.0,BTCUSDT,REJECT_EDGE_TOO_LOW,"Score 6.9 < 11.8 (p95=10.2, p99=10.7)",
1704073140.0,BTCUSDT,REJECT_EDGE_TOO_LOW,"Score 8.2 < 11.8 (p95=9.9, p99=10.4)",
1704073200.0,BTCUSDT,REJECT_EDGE_TOO_LOW,"Score 8.2 < 11.8 (p95=9.9, p99=10.4)",
1704073260.0,BTCUSDT,REJECT_EDGE_TOO_LOW,"Score 8.6 < 11.8 (p95=9.8, p99=10.4)",
1704073320.0,BTCUSDT,REJECT_EDGE_TOO_LOW,"Score 8.3 < 11.8 (p95=9.8, p99=10.4)",
1704073380.0,BTCUSDT,REJECT_EDGE_TOO_LOW,"Score 8.0 < 11.8 (p95=9.8, p99=10.4)",
1704073440.0,BTCUSDT,REJECT_EDGE_TOO_LOW,"Score 7.9 < 11.8 (p95=9.8, p99=10.4)",
1704073500.0,BTCUSDT,REJECT_EDGE_TOO_LOW,"Score 7.8 < 11.8 (p95=9.8, p99=10.4)",
1704073560.0,BTCUSDT,REJECT_EDGE_TOO_LOW,"Score 7.8 < 11.8 (p95=9.8, p99=10.4)",
1704073620.0,BTCUSDT,REJECT_EDGE_TOO_LOW,"Score 7.1 < 11.8 (p95=9.8, p99=10.4)",
1704073740.0,BTCUSDT,REJECT_EDGE_TOO_LOW,"Score 7.0 < 11.8 (p95=9.7, p99=10.4)",
1704080580.0,BTCUSDT,REJECT_EDGE_TOO_LOW,"Score 7.4 < 11.8 (p95=9.1, p99=10.2)",
1704080640.0,BTCUSDT,REJECT_EDGE_TOO_LOW,"Score 7.3 < 11.8 (p95=9.1, p99=10.2)",
1704080700.0,BTCUSDT,REJECT_EDGE_TOO_LOW,"Score 7.9 < 11.8 (p95=9.1, p99=10.2)",
1704080760.0,BTCUSDT,REJECT_EDGE_TOO_LOW,"Score 8.2 < 11.8 (p95=9.1, p99=10.2)",
1704080820.0,BTCUSDT,REJECT_EDGE_TOO_LOW,"Score 7.9 < 11.8 (p95=9.0, p99=10.2)",
1704080880.0,BTCUSDT,REJECT_EDGE_TOO_LOW,"Score 7.6 < 11.8 (p95=9.0, p99=10.2)",
1704080940.0,BTCUSDT,REJECT_EDGE_TOO_LOW,"Score 6.9 < 11.8 (p95=9.0, p99=10.2)",
1704081180.0,BTCUSDT,REJECT_EDGE_TOO_LOW,"Score 6.7 < 11.8 (p95=9.0, p99=10.2)",
1704082740.0,BTCUSDT,REJECT_EDGE_TOO_LOW,"Score 5.0 < 11.8 (p95=9.0, p99=10.2)",
1704088260.0,BTCUSDT,REJECT_EDGE_TOO_LOW,"Score 5.4 < 11.8 (p95=8.8, p99=10.2)",
1704088560.0,BTCUSDT,REJECT_EDGE_TOO_LOW,"Score 7.0 < 11.8 (p95=8.8, p99=10.2)",
1704088740.0,BTCUSDT,REJECT_EDGE_TOO_LOW,"Score 6.8 < 11.8 (p95=8.8, p99=10.2)",
1704088800.0,BTCUSDT,REJECT_EDGE_TOO_LOW,"Score 7.1 < 11.8 (p95=8.8, p99=10.2)",
1704088860.0,BTCUSDT,REJECT_EDGE_TOO_LOW,"Score 7.3 < 11.8 (p95=8.8, p99=10.2)",
1704088920.0,BTCUSDT,REJECT_EDGE_TOO_LOW,"Score 6.7 < 11.8 (p95=8.8, p99=10.2)",
1704101040.0,BTCUSDT,REJECT_EDGE_TOO_LOW,"Score 7.6 < 11.8 (p95=8.5, p99=10.1)",
1704101100.0,BTCUSDT,REJECT_EDGE_TOO_LOW,"Score 7.9 < 11.8 (p95=8.5, p99=10.1)",
1704101160.0,BTCUSDT,REJECT_EDGE_TOO_LOW,"Score 7.7 < 11.8 (p95=8.5, p99=10.1)",
1704101220.0,BTCUSDT,REJECT_EDGE_TOO_LOW,"Score 7.1 < 11.8 (p95=8.5, p99=10.1)",
1704101280.0,BTCUSDT,REJECT_EDGE_TOO_LOW,"Score 7.0 < 11.8 (p95=8.5, p99=10.1)",
1704106260.0,BTCUSDT,REJECT_EDGE_TOO_LOW,"Score 7.3 < 11.8 (p95=8.3, p99=10.0)",
1704106320.0,BTCUSDT,REJECT_EDGE_TOO_LOW,"Score 7.5 < 11.8 (p95=8.3, p99=10.0)",
1704106380.0,BTCUSDT,REJECT_EDGE_TOO_LOW,"Score 7.4 < 11.8 (p95=8.3, p99=10.0)",
1704106440.0,BTCUSDT,REJECT_EDGE_TOO_LOW,"Score 7.0 < 11.8 (p95=8.3, p99=10.0)",
1704117900.0,BTCUSDT,REJECT_EDGE_TOO_LOW,"Score 5.4 < 11.8 (p95=8.1, p99=9.8)",
1704118980.0,BTCUSDT,REJECT_EDGE_TOO_LOW,"Score 7.6 < 11.8 (p95=8.1, p99=9.8)",
1704119040.0,BTCUSDT,REJECT_EDGE_TOO_LOW,"Score 7.6 < 11.8 (p95=8.1, p99=9.8)",
1704119100.0,BTCUSDT,REJECT_EDGE_TOO_LOW,"Score 7.6 < 11.8 (p95=8.1, p99=9.8)",
1704119160.0,BTCUSDT,REJECT_EDGE_TOO_LOW,"Score 7.7 < 11.8 (p95=8.1, p99=9.8)",
1704119220.0,BTCUSDT,REJECT_EDGE_TOO_LOW,"Score 8.4 < 11.8 (p95=8.1, p99=9.8)",
1704119280.0,BTCUSDT,REJECT_EDGE_TOO_LOW,"Score 8.5 < 11.8 (p95=8.1, p99=9.7)",
1704119340.0,BTCUSDT,REJECT_EDGE_TOO_LOW,"Score 7.9 < 11.8 (p95=8.1, p99=9.7)",
1704119400.0,BTCUSDT,REJECT_EDGE_TOO_LOW,"Score 7.5 < 11.8 (p95=8.1, p99=9.7)",
1704119460.0,BTCUSDT,REJECT_EDGE_TOO_LOW,"Score 7.3 < 11.8 (p95=8.1, p99=9.7)",
1704119520.0,BTCUSDT,REJECT_EDGE_TOO_LOW,"Score 7.0 < 11.8 (p95=8.1, p99=9.7)",
1704123900.0,BTCUSDT,REJECT_EDGE_TOO_LOW,"Score 5.3 < 11.8 (p95=8.0, p99=9.6)",
1704124020.0,BTCUSDT,REJECT_EDGE_TOO_LOW,"Score 5.9 < 11.8 (p95=8.0, p99=9.6)",
1704124080.0,BTCUSDT,REJECT_EDGE_TOO_LOW,"Score 5.3 < 11.8 (p95=8.0, p99=9.6)",
1704124200.0,BTCUSDT,REJECT_EDGE_TOO_LOW,"Score 5.2 < 11.8 (p95=8.0, p99=9.6)",
1704124320.0,BTCUSDT,REJECT_EDGE_TOO_LOW,"Score 5.1 < 11.8 (p95=8.0, p99=9.6)",
1704126420.0,BTCUSDT,REJECT_EDGE_TOO_LOW,"Score 5.8 < 11.8 (p95=7.9, p99=9.5)",
1704126480.0,BTCUSDT,REJECT_EDGE_TOO_LOW,"Score 5.7 < 11.8 (p95=7.9, p99=9.5)",
1704131220.0,BTCUSDT,REJECT_EDGE_TOO_LOW,"Score 5.9 < 11.8 (p95=7.9, p99=9.4)",
1704132180.0,BTCUSDT,REJECT_EDGE_TOO_LOW,"Score 8.5 < 11.8 (p95=7.9, p99=9.4)",
1704132240.0,BTCUSDT,REJECT_EDGE_TOO_LOW,"Score 8.7 < 11.8 (p95=7.9, p99=9.4)",
1704132300.0,BTCUSDT,REJECT_EDGE_TOO_LOW,"Score 8.6 < 11.8 (p95=7.9, p99=9.4)",
1704132360.0,BTCUSDT,REJECT_EDGE_TOO_LOW,"Score 8.6 < 11.8 (p95=7.9, p99=9.4)",
1704132420.0,BTCUSDT,REJECT_EDGE_TOO_LOW,"Score 9.8 < 11.8 (p95=7.9, p99=9.5)",
1704132480.0,BTCUSDT,REJECT_EDGE_TOO_LOW,"Score 10.6 < 11.8 (p95=8.0, p99=9.7)",
1704132540.0,BTCUSDT,REJECT_EDGE_TOO_LOW,"Score 10.1 < 11.8 (p95=8.0, p99=9.8)",
1704132600.0,BTCUSDT,REJECT_EDGE_TOO_LOW,"Score 10.3 < 11.8 (p95=8.0, p99=9.9)",
1704132660.0,BTCUSDT,REJECT_EDGE_TOO_LOW,"Score 10.4 < 11.8 (p95=8.1, p99=9.9)",
1704132720.0,BTCUSDT,REJECT_EDGE_TOO_LOW,"Score 11.0 < 11.8 (p95=8.1, p99=10.1)",
1704133020.0,BTCUSDT,Mode Block,Max Total DD Hit: 12.5%,
1704133080.0,BTCUSDT,Mode Block,Max Total DD Hit: 12.5%,
1704133140.0,BTCUSDT,Mode Block,Max Total DD Hit: 12.5%,
1704133200.0,BTCUSDT,Mode Block,Max Total DD Hit: 12.5%,
1704133260.0,BTCUSDT,Mode Block,Max Total DD Hit: 12.5%,
1704133320.0,BTCUSDT,Mode Block,Max Total DD Hit: 12.5%,
1704133380.0,BTCUSDT,Mode Block,Max Total DD Hit: 12.5%,
1704133440.0,BTCUSDT,Mode Block,Max Total DD Hit: 12.5%,
1704133500.0,BTCUSDT,Mode Block,Max Total DD Hit: 12.5%,
1704133560.0,BTCUSDT,Mode Block,Max Total DD Hit: 12.5%,
1704133620.0,BTCUSDT,Mode Block,Max Total DD Hit: 12.5%,
1704133680.0,BTCUSDT,Mode Block,Max Total DD Hit: 12.5%,
1704133740.0,BTCUSDT,Mode Block,Max Total DD Hit: 12.5%,
1704137700.0,BTCUSDT,Mode Block,Max Total DD Hit: 12.5%,
1704137760.0,BTCUSDT,Mode Block,Max Total DD Hit: 12.5%,
1704137820.0,BTCUSDT,Mode Block,Max Total DD Hit: 12.5%,
1704137880.0,BTCUSDT,Mode Block,Max Total DD Hit: 12.5%,
1704138060.0,BTCUSDT,Mode Block,Max Total DD Hit: 12.5%,
1704138120.0,BTCUSDT,Mode Block,Max Total DD Hit: 12.5%,
1704138600.0,BTCUSDT,Mode Block,Max Total DD Hit: 12.4%,
1704138660.0,BTCUSDT,Mode Block,Max Total DD Hit: 12.4%,
1704138720.0,BTCUSDT,Mode Block,Max Total DD Hit: 12.4%,
1704138780.0,BTCUSDT,Mode Block,Max Total DD Hit: 12.4%,
1704138840.0,BTCUSDT,Mode Block,Max Total DD Hit: 12.4%,
1704138900.0,BTCUSDT,Mode Block,Max Total DD Hit: 12.4%,
1704138960.0,BTCUSDT,Mode Block,Max Total DD Hit: 12.4%,
1704139020.0,BTCUSDT,Mode Block,Max Total DD Hit: 12.4%,
1704139260.0,BTCUSDT,Mode Block,Max Total DD Hit: 12.4%,
1704139320.0,BTCUSDT,Mode Block,Max Total DD Hit: 12.4%,
1704139440.0,BTCUSDT,Mode Block,Max Total DD Hit: 12.4%,
1704139500.0,BTCUSDT,Mode Block,Max Total DD Hit: 12.4%,
1704139560.0,BTCUSDT,Mode Block,Max Total DD Hit: 12.4%,
1704139620.0,BTCUSDT,Mode Block,Max Total DD Hit: 12.4%,
1704139980.0,BTCUSDT,Mode Block,Max Total DD Hit: 12.4%,
1704150420.0,BTCUSDT,Mode Block,Max Total DD Hit: 12.4%,
1704150480.0,BTCUSDT,Mode Block,Max Total DD Hit: 12.4%,
1704150540.0,BTCUSDT,Mode Block,Max Total DD Hit: 12.4%,
1704150600.0,BTCUSDT,Mode Block,Max Total DD Hit: 12.4%,
1704150720.0,BTCUSDT,Mode Block,Max Total DD Hit: 12.4%,
1704151380.0,BTCUSDT,Mode Block,Max Total DD Hit: 12.3%,
1704151560.0,BTCUSDT,Mode Block,Max Total DD Hit: 12.3%,
1704151620.0,BTCUSDT,Mode Block,Max Total DD Hit: 12.3%,
1704151680.0,BTCUSDT,Mode Block,Max Total DD Hit: 12.3%,
1704151740.0,BTCUSDT,Mode Block,Max Total DD Hit: 12.3%,
1704151800.0,BTCUSDT,Mode Block,Max Total DD Hit: 12.3%,
1704151860.0,BTCUSDT,Mode Block,Max Total DD Hit: 12.3%,
1704151920.0,BTCUSDT,Mode Block,Max Total DD Hit: 12.3%,
1704151980.0,BTCUSDT,Mode Block,Max Total DD Hit: 12.3%,
1704152040.0,BTCUSDT,Mode Block,Max Total DD Hit: 12.3%,
1704152100.0,BTCUSDT,Mode Block,Max Total DD Hit: 12.3%,
1704152160.0,BTCUSDT,Mode Block,Max Total DD Hit: 12.3%,
1704152220.0,BTCUSDT,Mode Block,Max Total DD Hit: 12.3%,
1704152280.0,BTCUSDT,Mode Block,Max Total DD Hit: 12.2%,
1704152340.0,BTCUSDT,Mode Block,Max Total DD Hit: 12.2%,
1704152400.0,BTCUSDT,Mode Block,Max Total DD Hit: 12.3%,
1704152460.0,BTCUSDT,Mode Block,Max Total DD Hit: 12.2%,
1704152520.0,BTCUSDT,Mode Block,Max Total DD Hit: 12.3%,
1704152580.0,BTCUSDT,Mode Block,Max Total DD Hit: 12.2%,
1704152640.0,BTCUSDT,Mode Block,Max Total DD Hit: 12.2%,
1704152700.0,BTCUSDT,Mode Block,Max Total DD Hit: 12.2%,
1704152880.0,BTCUSDT,Mode Block,Max Total DD Hit: 12.3%,
1704152940.0,BTCUSDT,Mode Block,Max Total DD Hit: 12.3%,
1704153120.0,BTCUSDT,Mode Block,Max Total DD Hit: 12.2%,
1704153180.0,BTCUSDT,Mode Block,Max Total DD Hit: 12.2%,
1704153240.0,BTCUSDT,Mode Block,Max Total DD Hit: 12.2%,
1704153300.0,BTCUSDT,Mode Block,Max Total DD Hit: 12.2%,
1704153360.0,BTCUSDT,Mode Block,Max Total DD Hit: 12.2%,
1704153420.0,BTCUSDT,Mode Block,Max Total DD Hit: 12.2%,
1704153480.0,BTCUSDT,Mode Block,Max Total DD Hit: 12.2%,
1704153960.0,BTCUSDT,Mode Block,Max Total DD Hit: 12.2%,
1704154260.0,BTCUSDT,Mode Block,Max Total DD Hit: 12.1%,
1704154320.0,BTCUSDT,Mode Block,Max Total DD Hit: 12.1%,
1704154380.0,BTCUSDT,Mode Block,Max Total DD Hit: 12.1%,
1704154440.0,BTCUSDT,Mode Block,Max Total DD Hit: 12.1%,
1704154500.0,BTCUSDT,Mode Block,Max Total DD Hit: 12.1%,
1704154560.0,BTCUSDT,Mode Block,Max Total DD Hit: 12.1%,
1704154620.0,BTCUSDT,Mode Block,Max Total DD Hit: 12.1%,
1704154680.0,BTCUSDT,Mode Block,Max Total DD Hit: 12.1%,
1704154740.0,BTCUSDT,Mode Block,Max Total DD Hit: 12.1%,
1704154800.0,BTCUSDT,Mode Block,Max Total DD Hit: 12.1%,
1704154860.0,BTCUSDT,Mode Block,Max Total DD Hit: 12.1%,
1704154920.0,BTCUSDT,Mode Block,Max Total DD Hit: 12.1%,
1704154980.0,BTCUSDT,Mode Block,Max Total DD Hit: 12.0%,
1704155040.0,BTCUSDT,Mode Block,Max Total DD Hit: 12.1%,
1704155100.0,BTCUSDT,Mode Block,Max Total DD Hit: 12.1%,
1704155160.0,BTCUSDT,Mode Block,Max Total DD Hit: 12.1%,
1704155220.0,BTCUSDT,Mode Block,Max Total DD Hit: 12.1%,
1704155280.0,BTCUSDT,Mode Block,Max Total DD Hit: 12.1%,
1704155340.0,BTCUSDT,Mode Block,Max Total DD Hit: 12.1%,
1704155400.0,BTCUSDT,Mode Block,Max Total DD Hit: 12.1%,
1704155460.0,BTCUSDT,Mode Block,Max Total DD Hit: 12.1%,
1704155520.0,BTCUSDT,Mode Block,Max Total DD Hit: 12.1%,
1704155580.0,BTCUSDT,Mode Block,Max Total DD Hit: 12.1%,
1704155640.0,BTCUSDT,Mode Block,Max Total DD Hit: 12.1%,
1704155700.0,BTCUSDT,Mode Block,Max Total DD Hit: 12.1%,
1704156060.0,BTCUSDT,Mode Block,Max Total DD Hit: 12.1%,
1704156120.0,BTCUSDT,Mode Block,Max Total DD Hit: 12.1%,
1704156180.0,BTCUSDT,Mode Block,Max Total DD Hit: 12.1%,
1704156240.0,BTCUSDT,Mode Block,Max Total DD Hit: 12.1%,
1704156660.0,BTCUSDT,Mode Block,Max Total DD Hit: 12.1%,
1704156720.0,BTCUSDT,Mode Block,Max Total DD Hit: 12.1%,
1704157200.0,BTCUSDT,Mode Block,Cooldown: 2 bars,
1704157260.0,BTCUSDT,Mode Block,Cooldown: 1 bars,
1704157320.0,BTCUSDT,REJECT_EDGE_TOO_LOW,"Score 10.3 < 11.8 (p95=9.1, p99=11.1)",
1704157380.0,BTCUSDT,REJECT_EDGE_TOO_LOW,"Score 9.9 < 11.8 (p95=9.2, p99=11.1)",
1704157440.0,BTCUSDT,REJECT_EDGE_TOO_LOW,"Score 9.9 < 11.8 (p95=9.2, p99=11.1)",
1704157500.0,BTCUSDT,REJECT_EDGE_TOO_LOW,"Score 10.0 < 11.8 (p95=9.2, p99=11.1)",
1704157560.0,BTCUSDT,REJECT_EDGE_TOO_LOW,"Score 10.8 < 11.8 (p95=9.2, p99=11.1)",
1704157620.0,BTCUSDT,REJECT_EDGE_TOO_LOW,"Score 10.9 < 11.8 (p95=9.2, p99=11.1)",
1704163440.0,BTCUSDT,Mode Block,Max Total DD Hit: 12.5%,
1704163500.0,BTCUSDT,Mode Block,Max Total DD Hit: 12.5%,
1704163560.0,BTCUSDT,Mode Block,Max Total DD Hit: 12.6%,
1704163620.0,BTCUSDT,Mode Block,Max Total DD Hit: 12.5%,
1704163680.0,BTCUSDT,Mode Block,Max Total DD Hit: 12.5%,
1704163860.0,BTCUSDT,Mode Block,Max Total DD Hit: 12.5%,
1704163980.0,BTCUSDT,Mode Block,Max Total DD Hit: 12.5%,
1704164040.0,BTCUSDT,Mode Block,Max Total DD Hit: 12.5%,
1704164100.0,BTCUSDT,Mode Block,Max Total DD Hit: 12.5%,
1704164160.0,BTCUSDT,Mode Block,Max Total DD Hit: 12.5%,
1704171780.0,BTCUSDT,Mode Block,Max Total DD Hit: 12.6%,
1704180300.0,BTCUSDT,Mode Block,Max Total DD Hit: 12.5%,
1704180360.0,BTCUSDT,Mode Block,Max Total DD Hit: 12.5%,
1704180420.0,BTCUSDT,Mode Block,Max Total DD Hit: 12.5%,
1704180480.0,BTCUSDT,Mode Block,Max Total DD Hit: 12.5%,
1704180540.0,BTCUSDT,Mode Block,Max Total DD Hit: 12.5%,
1704183900.0,BTCUSDT,Mode Block,Max Total DD Hit: 12.4%,
1704183960.0,BTCUSDT,Mode Block,Max Total DD Hit: 12.4%,
1704184080.0,BTCUSDT,Mode Block,Max Total DD Hit: 12.4%,
1704184140.0,BTCUSDT,Mode Block,Max Total DD Hit: 12.4%,
1704184200.0,BTCUSDT,Mode Block,Max Total DD Hit: 12.4%,
1704184560.0,BTCUSDT,Mode Block,Max Total DD Hit: 12.4%,
1704195900.0,BTCUSDT,Mode Block,Max Total DD Hit: 12.5%,
1704195960.0,BTCUSDT,Mode Block,Max Total DD Hit: 12.5%,
1704196020.0,BTCUSDT,Mode Block,Max Total DD Hit: 12.5%,
1704196260.0,BTCUSDT,Mode Block,Max Total DD Hit: 12.5%,
1704196320.0,BTCUSDT,Mode Block,Max Total DD Hit: 12.5%,
1704196380.0,BTCUSDT,Mode Block,Max Total DD Hit: 12.5%,
1704204840.0,BTCUSDT,Mode Block,Max Total DD Hit: 12.4%,
1704204900.0,BTCUSDT,Mode Block,Max Total DD Hit: 12.4%,
1704204960.0,BTCUSDT,Mode Block,Max Total DD Hit: 12.4%,
1704206400.0,BTCUSDT,Mode Block,Max Total DD Hit: 12.5%,
1704206460.0,BTCUSDT,Mode Block,Max Total DD Hit: 12.5%,
1704206700.0,BTCUSDT,Mode Block,Max Total DD Hit: 12.5%,
1704206760.0,BTCUSDT,Mode Block,Max Total DD Hit: 12.5%,
1704207060.0,BTCUSDT,Mode Block,Max Total DD Hit: 12.5%,
1704207120.0,BTCUSDT,Mode Block,Max Total DD Hit: 12.5%,
1704207180.0,BTCUSDT,Mode Block,Max Total DD Hit: 12.6%,
1704207300.0,BTCUSDT,Mode Block,Max Total DD Hit: 12.6%,
1704207360.0,BTCUSDT,Mode Block,Max Total DD Hit: 12.6%,
1704207420.0,BTCUSDT,Mode Block,Max Total DD Hit: 12.6%,
1704207480.0,BTCUSDT,Mode Block,Max Total DD Hit: 12.6%,
1704207540.0,BTCUSDT,Mode Block,Max Total DD Hit: 12.5%,
1704207600.0,BTCUSDT,Mode Block,Max Total DD Hit: 12.5%,
1704207780.0,BTCUSDT,Mode Block,Max Total DD Hit: 12.6%,
1704207840.0,BTCUSDT,Mode Block,Max Total DD Hit: 12.6%,
1704207900.0,BTCUSDT,Mode Block,Max Total DD Hit: 12.6%,
1704207960.0,BTCUSDT,Mode Block,Max Total DD Hit: 12.6%,
1704208020.0,BTCUSDT,Mode Block,Max Total DD Hit: 12.6%,
1704208080.0,BTCUSDT,Mode Block,Max Total DD Hit: 12.6%,
1704208320.0,BTCUSDT,Mode Block,Max Total DD Hit: 12.6%,
1704208380.0,BTCUSDT,Mode Block,Max Total DD Hit: 12.6%,
1704208440.0,BTCUSDT,Mode Block,Max Total DD Hit: 12.6%,
1704208500.0,BTCUSDT,Mode Block,Max Total DD Hit: 12.6%,
1704208560.0,BTCUSDT,Mode Block,Max Total DD Hit: 12.6%,
1704208680.0,BTCUSDT,Mode Block,Max Total DD Hit: 12.6%,
1704208740.0,BTCUSDT,Mode Block,Max Total DD Hit: 12.7%,
1704208800.0,BTCUSDT,Mode Block,Max Total DD Hit: 12.6%,
1704209160.0,BTCUSDT,Mode Block,Max Total DD Hit: 12.6%,
1704209220.0,BTCUSDT,Mode Block,Max Total DD Hit: 12.6%,
1704209280.0,BTCUSDT,Mode Block,Max Total DD Hit: 12.6%,
1704209340.0,BTCUSDT,Mode Block,Max Total DD Hit: 12.6%,
1704209400.0,BTCUSDT,Mode Block,Max Total DD Hit: 12.6%,
1704212340.0,BTCUSDT,Mode Block,Max Total DD Hit: 12.6%,
1704212460.0,BTCUSDT,Mode Block,Max Total DD Hit: 12.6%,
1704216840.0,BTCUSDT,Mode Block,Max Total DD Hit: 12.6%,
1704216960.0,BTCUSDT,Mode Block,Max Total DD Hit: 12.6%,
1704217020.0,BTCUSDT,Mode Block,Max Total DD Hit: 12.6%,
1704217140.0,BTCUSDT,Mode Block,Max Total DD Hit: 12.6%,
1704217200.0,BTCUSDT,Mode Block,Max Total DD Hit: 12.6%,
1704217260.0,BTCUSDT,Mode Block,Max Total DD Hit: 12.6%,
1704217320.0,BTCUSDT,Mode Block,Max Total DD Hit: 12.6%,
1704217380.0,BTCUSDT,Mode Block,Max Total DD Hit: 12.6%,
1704217440.0,BTCUSDT,Mode Block,Max Total DD Hit: 12.6%,
1704217500.0,BTCUSDT,Mode Block,Max Total DD Hit: 12.6%,
1704217560.0,BTCUSDT,Mode Block,Max Total DD Hit: 12.6%,
1704217620.0,BTCUSDT,Mode Block,Max Total DD Hit: 12.6%,
1704217740.0,BTCUSDT,Mode Block,Max Total DD Hit: 12.6%,
1704217800.0,BTCUSDT,Mode Block,Max Total DD Hit: 12.6%,
1704217860.0,BTCUSDT,Mode Block,Max Total DD Hit: 12.6%,
1704217920.0,BTCUSDT,Mode Block,Max Total DD Hit: 12.6%,
1704217980.0,BTCUSDT,Mode Block,Max Total DD Hit: 12.6%,
1704218040.0,BTCUSDT,Mode Block,Max Total DD Hit: 12.6%,
1704223680.0,BTCUSDT,Mode Block,Max Total DD Hit: 12.7%,
1704223740.0,BTCUSDT,Mode Block,Max Total DD Hit: 12.7%,
1704228060.0,BTCUSDT,Mode Block,Max Total DD Hit: 12.6%,
1704228300.0,BTCUSDT,Mode Block,Max Total DD Hit: 12.7%,
1704229320.0,BTCUSDT,Mode Block,Max Total DD Hit: 12.7%,
1704229500.0,BTCUSDT,Mode Block,Max Total DD Hit: 12.7%,
1704229560.0,BTCUSDT,Mode Block,Max Total DD Hit: 12.7%,
1704229620.0,BTCUSDT,Mode Block,Max Total DD Hit: 12.7%,
1704229680.0,BTCUSDT,Mode Block,Max Total DD Hit: 12.7%,
1704229740.0,BTCUSDT,Mode Block,Max Total DD Hit: 12.7%,
1704229800.0,BTCUSDT,Mode Block,Max Total DD Hit: 12.7%,
1704229860.0,BTCUSDT,Mode Block,Max Total DD Hit: 12.7%,
1704230220.0,BTCUSDT,Mode Block,Max Total DD Hit: 12.7%,
1704232800.0,BTCUSDT,Mode Block,Max Total DD Hit: 12.6%,
1704233220.0,BTCUSDT,Mode Block,Max Total DD Hit: 12.6%,
1704233280.0,BTCUSDT,Mode Block,Max Total DD Hit: 12.6%,
1704233340.0,BTCUSDT,Mode Block,Max Total DD Hit: 12.5%,
1704233400.0,BTCUSDT,Mode Block,Max Total DD Hit: 12.5%,
1704233460.0,BTCUSDT,Mode Block,Max Total DD Hit: 12.6%,
1704233520.0,BTCUSDT,Mode Block,Max Total DD Hit: 12.6%,
1704233580.0,BTCUSDT,Mode Block,Max Total DD Hit: 12.6%,
1704233640.0,BTCUSDT,Mode Block,Max Total DD Hit: 12.6%,
1704233700.0,BTCUSDT,Mode Block,Max Total DD Hit: 12.6%,
1704233760.0,BTCUSDT,Mode Block,Max Total DD Hit: 12.6%,
1704233880.0,BTCUSDT,Mode Block,Max Total DD Hit: 12.6%,
1704233940.0,BTCUSDT,Mode Block,Max Total DD Hit: 12.6%,
1704234840.0,BTCUSDT,Mode Block,Max Total DD Hit: 12.6%,
1704235500.0,BTCUSDT,Mode Block,Max Total DD Hit: 12.6%,
1704239160.0,BTCUSDT,Mode Block,Max Total DD Hit: 12.7%,
1704239280.0,BTCUSDT,Mode Block,Max Total DD Hit: 12.7%,
1704239340.0,BTCUSDT,Mode Block,Max Total DD Hit: 12.7%,
1704239700.0,BTCUSDT,Mode Block,Max Total DD Hit: 12.6%,
1704256620.0,BTCUSDT,Mode Block,Max Total DD Hit: 12.6%,
1704268020.0,BTCUSDT,Mode Block,Max Total DD Hit: 12.6%,
1704268140.0,BTCUSDT,Mode Block,Max Total DD Hit: 12.6%,
1704268200.0,BTCUSDT,Mode Block,Max Total DD Hit: 12.6%,
1704268260.0,BTCUSDT,Mode Block,Max Total DD Hit: 12.6%,
1704268320.0,BTCUSDT,Mode Block,Max Total DD Hit: 12.6%,
1704268380.0,BTCUSDT,Mode Block,Max Total DD Hit: 12.6%,
1704268440.0,BTCUSDT,Mode Block,Max Total DD Hit: 12.6%,
1704268500.0,BTCUSDT,Mode Block,Max Total DD Hit: 12.6%,
1704268560.0,BTCUSDT,Mode Block,Max Total DD Hit: 12.6%,
1704268620.0,BTCUSDT,Mode Block,Max Total DD Hit: 12.6%,
1704268680.0,BTCUSDT,Mode Block,Max Total DD Hit: 12.6%,
1704268740.0,BTCUSDT,Mode Block,Max Total DD Hit: 12.6%,
1704268800.0,BTCUSDT,Mode Block,Max Total DD Hit: 12.6%,
1704268860.0,BTCUSDT,Mode Block,Max Total DD Hit: 12.6%,
1704268920.0,BTCUSDT,Mode Block,Max Total DD Hit: 12.6%,
1704268980.0,BTCUSDT,Mode Block,Max Total DD Hit: 12.6%,
1704269040.0,BTCUSDT,Mode Block,Max Total DD Hit: 12.6%,
1704269100.0,BTCUSDT,Mode Block,Max Total DD Hit: 12.6%,
1704269160.0,BTCUSDT,Mode Block,Max Total DD Hit: 12.6%,
1704269220.0,BTCUSDT,Mode Block,Max Total DD Hit: 12.6%,
1704269520.0,BTCUSDT,Mode Block,Max Total DD Hit: 12.6%,
1704273060.0,BTCUSDT,Mode Block,Max Total DD Hit: 12.5%,
1704273120.0,BTCUSDT,Mode Block,Max Total DD Hit: 12.5%,
1704273180.0,BTCUSDT,Mode Block,Max Total DD Hit: 12.5%,
1704273240.0,BTCUSDT,Mode Block,Max Total DD Hit: 12.5%,
1704273300.0,BTCUSDT,Mode Block,Max Total DD Hit: 12.5%,
1704273360.0,BTCUSDT,Mode Block,Max Total DD Hit: 12.5%,
1704273420.0,BTCUSDT,Mode Block,Max Total DD Hit: 12.6%,
1704273480.0,BTCUSDT,Mode Block,Max Total DD Hit: 12.5%,
1704273660.0,BTCUSDT,Mode Block,Max Total DD Hit: 12.5%,
1704274620.0,BTCUSDT,Mode Block,Max Total DD Hit: 12.5%,
1704274680.0,BTCUSDT,Mode Block,Max Total DD Hit: 12.5%,
1704274800.0,BTCUSDT,Mode Block,Max Total DD Hit: 12.5%,
1704274920.0,BTCUSDT,Mode Block,Max Total DD Hit: 12.5%,
1704278400.0,BTCUSDT,Mode Block,Max Total DD Hit: 12.6%,
1704278640.0,BTCUSDT,Mode Block,Max Total DD Hit: 12.6%,
1704278700.0,BTCUSDT,Mode Block,Max Total DD Hit: 12.6%,
1704278760.0,BTCUSDT,Mode Block,Max Total DD Hit: 12.6%,
1704278820.0,BTCUSDT,Mode Block,Max Total DD Hit: 12.6%,
1704278880.0,BTCUSDT,Mode Block,Max Total DD Hit: 12.6%,
1704278940.0,BTCUSDT,Mode Block,Max Total DD Hit: 12.6%,
1704279000.0,BTCUSDT,Mode Block,Max Total DD Hit: 12.6%,
1704279180.0,BTCUSDT,Mode Block,Max Total DD Hit: 12.6%,
1704279300.0,BTCUSDT,Mode Block,Max Total DD Hit: 12.6%,
1704280320.0,BTCUSDT,Mode Block,Max Total DD Hit: 12.7%,
1704280440.0,BTCUSDT,Mode Block,Max Total DD Hit: 12.7%,
1704280500.0,BTCUSDT,Mode Block,Max Total DD Hit: 12.7%,
1704280560.0,BTCUSDT,Mode Block,Max Total DD Hit: 12.7%,
1704280620.0,BTCUSDT,Mode Block,Max Total DD Hit: 12.7%,
1704280680.0,BTCUSDT,Mode Block,Max Total DD Hit: 12.7%,
1704280740.0,BTCUSDT,Mode Block,Max Total DD Hit: 12.7%,
1704280800.0,BTCUSDT,Mode Block,Max Total DD Hit: 12.7%,
1704280860.0,BTCUSDT,Mode Block,Max Total DD Hit: 12.7%,
1704280920.0,BTCUSDT,Mode Block,Max Total DD Hit: 12.7%,
1704280980.0,BTCUSDT,Mode Block,Max Total DD Hit: 12.7%,
1704286260.0,BTCUSDT,REJECT_EDGE_TOO_LOW,"Score 5.2 < 11.8 (p95=9.1, p99=12.8)",
1704286800.0,BTCUSDT,REJECT_EDGE_TOO_LOW,"Score 4.4 < 11.8 (p95=9.1, p99=12.8)",
1704286920.0,BTCUSDT,REJECT_EDGE_TOO_LOW,"Score 4.1 < 11.8 (p95=9.1, p99=12.8)",
1704287100.0,BTCUSDT,REJECT_EDGE_TOO_LOW,"Score 3.4 < 11.8 (p95=9.1, p99=12.8)",
1704287160.0,BTCUSDT,REJECT_EDGE_TOO_LOW,"Score 3.7 < 11.8 (p95=9.1, p99=12.8)",
1704287220.0,BTCUSDT,REJECT_EDGE_TOO_LOW,"Score 2.7 < 11.8 (p95=9.1, p99=12.8)",
1704287340.0,BTCUSDT,REJECT_EDGE_TOO_LOW,"Score 3.1 < 11.8 (p95=9.1, p99=12.8)",
1704287400.0,BTCUSDT,REJECT_EDGE_TOO_LOW,"Score 3.2 < 11.8 (p95=9.1, p99=12.8)",
1704287460.0,BTCUSDT,REJECT_EDGE_TOO_LOW,"Score 2.8 < 11.8 (p95=9.1, p99=12.8)",
1704287520.0,BTCUSDT,REJECT_EDGE_TOO_LOW,"Score 2.6 < 11.8 (p95=9.1, p99=12.8)",
1704287760.0,BTCUSDT,REJECT_EDGE_TOO_LOW,"Score 2.6 < 11.8 (p95=9.1, p99=12.8)",
1704287820.0,BTCUSDT,REJECT_EDGE_TOO_LOW,"Score 2.2 < 11.8 (p95=9.1, p99=12.8)",
1704288180.0,BTCUSDT,REJECT_EDGE_TOO_LOW,"Score 3.5 < 11.8 (p95=9.1, p99=12.8)",
1704288240.0,BTCUSDT,REJECT_EDGE_TOO_LOW,"Score 3.9 < 11.8 (p95=9.1, p99=12.8)",
1704288300.0,BTCUSDT,REJECT_EDGE_TOO_LOW,"Score 4.8 < 11.8 (p95=9.1, p99=12.8)",
1704288360.0,BTCUSDT,REJECT_EDGE_TOO_LOW,"Score 4.5 < 11.8 (p95=9.1, p99=12.8)",
1704288420.0,BTCUSDT,REJECT_EDGE_TOO_LOW,"Score 4.5 < 11.8 (p95=9.1, p99=12.8)",
1704288540.0,BTCUSDT,REJECT_EDGE_TOO_LOW,"Score 4.3 < 11.8 (p95=9.1, p99=12.8)",
1704288660.0,BTCUSDT,REJECT_EDGE_TOO_LOW,"Score 4.6 < 11.8 (p95=9.1, p99=12.8)",
1704288720.0,BTCUSDT,REJECT_EDGE_TOO_LOW,"Score 5.0 < 11.8 (p95=9.1, p99=12.8)",
1704288780.0,BTCUSDT,REJECT_EDGE_TOO_LOW,"Score 4.1 < 11.8 (p95=9.1, p99=12.8)",
1704288840.0,BTCUSDT,REJECT_EDGE_TOO_LOW,"Score 4.5 < 11.8 (p95=9.1, p99=12.8)",
1704288960.0,BTCUSDT,REJECT_EDGE_TOO_LOW,"Score 4.5 < 11.8 (p95=9.1, p99=12.8)",
1704289020.0,BTCUSDT,REJECT_EDGE_TOO_LOW,"Score 4.5 < 11.8 (p95=9.1, p99=12.8)",
1704289320.0,BTCUSDT,REJECT_EDGE_TOO_LOW,"Score 3.7 < 11.8 (p95=9.1, p99=12.8)",
1704289860.0,BTCUSDT,REJECT_EDGE_TOO_LOW,"Score 4.7 < 11.8 (p95=9.1, p99=12.8)",
1704289920.0,BTCUSDT,REJECT_EDGE_TOO_LOW,"Score 4.2 < 11.8 (p95=9.1, p99=12.8)",
1704290160.0,BTCUSDT,REJECT_EDGE_TOO_LOW,"Score 4.9 < 11.8 (p95=9.1, p99=12.7)",
1704290220.0,BTCUSDT,REJECT_EDGE_TOO_LOW,"Score 4.7 < 11.8 (p95=9.1, p99=12.7)",
1704290340.0,BTCUSDT,REJECT_EDGE_TOO_LOW,"Score 4.4 < 11.8 (p95=9.1, p99=12.7)",
1704290520.0,BTCUSDT,REJECT_EDGE_TOO_LOW,"Score 3.9 < 11.8 (p95=9.1, p99=12.7)",
1704290580.0,BTCUSDT,REJECT_EDGE_TOO_LOW,"Score 3.6 < 11.8 (p95=9.1, p99=12.7)",
1704290640.0,BTCUSDT,REJECT_EDGE_TOO_LOW,"Score 4.1 < 11.8 (p95=9.1, p99=12.7)",
1704290700.0,BTCUSDT,REJECT_EDGE_TOO_LOW,"Score 3.8 < 11.8 (p95=9.1, p99=12.7)",
1704290820.0,BTCUSDT,REJECT_EDGE_TOO_LOW,"Score 3.4 < 11.8 (p95=9.1, p99=12.7)",
1704290880.0,BTCUSDT,REJECT_EDGE_TOO_LOW,"Score 3.9 < 11.8 (p95=9.1, p99=12.7)",
1704291000.0,BTCUSDT,REJECT_EDGE_TOO_LOW,"Score 3.5 < 11.8 (p95=9.1, p99=12.7)",
1704291360.0,BTCUSDT,REJECT_EDGE_TOO_LOW,"Score 5.6 < 11.8 (p95=9.0, p99=12.7)",
1704291420.0,BTCUSDT,REJECT_EDGE_TOO_LOW,"Score 4.1 < 11.8 (p95=9.0, p99=12.7)",
1704291720.0,BTCUSDT,REJECT_EDGE_TOO_LOW,"Score 3.7 < 11.8 (p95=9.0, p99=12.7)",
1704291780.0,BTCUSDT,REJECT_EDGE_TOO_LOW,"Score 3.9 < 11.8 (p95=9.0, p99=12.7)",
1704291900.0,BTCUSDT,REJECT_EDGE_TOO_LOW,"Score 5.7 < 11.8 (p95=9.0, p99=12.7)",
1704292080.0,BTCUSDT,REJECT_EDGE_TOO_LOW,"Score 5.3 < 11.8 (p95=9.0, p99=12.7)",
1704292260.0,BTCUSDT,REJECT_EDGE_TOO_LOW,"Score 4.7 < 11.8 (p95=9.0, p99=12.7)",
1704292440.0,BTCUSDT,REJECT_EDGE_TOO_LOW,"Score 4.0 < 11.8 (p95=9.0, p99=12.7)",
1704292500.0,BTCUSDT,REJECT_EDGE_TOO_LOW,"Score 4.3 < 11.8 (p95=9.0, p99=12.7)",
1704293160.0,BTCUSDT,REJECT_EDGE_TOO_LOW,"Score 3.6 < 11.8 (p95=9.0, p99=12.7)",
1704293280.0,BTCUSDT,REJECT_EDGE_TOO_LOW,"Score 3.3 < 11.8 (p95=9.0, p99=12.7)",
1704293340.0,BTCUSDT,REJECT_EDGE_TOO_LOW,"Score 3.3 < 11.8 (p95=9.0, p99=12.7)",
1704293400.0,BTCUSDT,REJECT_EDGE_TOO_LOW,"Score 3.6 < 11.8 (p95=9.0, p99=12.7)",
1704293820.0,BTCUSDT,REJECT_EDGE_TOO_LOW,"Score 2.6 < 11.8 (p95=9.0, p99=12.7)",
1704293880.0,BTCUSDT,REJECT_EDGE_TOO_LOW,"Score 2.5 < 11.8 (p95=9.0, p99=12.7)",
1704293940.0,BTCUSDT,REJECT_EDGE_TOO_LOW,"Score 2.5 < 11.8 (p95=9.0, p99=12.7)",
1704294240.0,BTCUSDT,REJECT_EDGE_TOO_LOW,"Score 4.1 < 11.8 (p95=9.0, p99=12.7)",
1704294420.0,BTCUSDT,REJECT_EDGE_TOO_LOW,"Score 4.3 < 11.8 (p95=9.0, p99=12.7)",
1704294480.0,BTCUSDT,REJECT_EDGE_TOO_LOW,"Score 4.8 < 11.8 (p95=9.0, p99=12.7)",
1704294540.0,BTCUSDT,REJECT_EDGE_TOO_LOW,"Score 5.1 < 11.8 (p95=9.0, p99=12.7)",
1704294600.0,BTCUSDT,REJECT_EDGE_TOO_LOW,"Score 5.1 < 11.8 (p95=9.0, p99=12.7)",
1704294780.0,BTCUSDT,REJECT_EDGE_TOO_LOW,"Score 4.5 < 11.8 (p95=9.0, p99=12.7)",
1704294840.0,BTCUSDT,REJECT_EDGE_TOO_LOW,"Score 4.6 < 11.8 (p95=9.0, p99=12.7)",
1704295500.0,BTCUSDT,REJECT_EDGE_TOO_LOW,"Score 3.7 < 11.8 (p95=9.0, p99=12.7)",
1704297240.0,BTCUSDT,REJECT_EDGE_TOO_LOW,"Score 7.8 < 11.8 (p95=9.0, p99=12.7)",
1704297300.0,BTCUSDT,REJECT_EDGE_TOO_LOW,"Score 8.4 < 11.8 (p95=9.0, p99=12.7)",
1704297420.0,BTCUSDT,REJECT_EDGE_TOO_LOW,"Score 8.0 < 11.8 (p95=9.0, p99=12.7)",
1704297900.0,BTCUSDT,REJECT_EDGE_TOO_LOW,"Score 10.9 < 11.8 (p95=9.1, p99=13.0)",
1704297960.0,BTCUSDT,REJECT_EDGE_TOO_LOW,"Score 10.1 < 11.8 (p95=9.1, p99=13.0)",
1704298020.0,BTCUSDT,REJECT_EDGE_TOO_LOW,"Score 10.7 < 11.8 (p95=9.1, p99=13.0)",
1704298080.0,BTCUSDT,REJECT_EDGE_TOO_LOW,"Score 9.7 < 11.8 (p95=9.1, p99=13.0)",
1704298140.0,BTCUSDT,REJECT_EDGE_TOO_LOW,"Score 6.8 < 11.8 (p95=9.1, p99=13.0)",
1704298200.0,BTCUSDT,REJECT_EDGE_TOO_LOW,"Score 8.7 < 11.8 (p95=9.1, p99=13.0)",
1704298260.0,BTCUSDT,REJECT_EDGE_TOO_LOW,"Score 7.8 < 11.8 (p95=9.1, p99=13.0)",
1704298320.0,BTCUSDT,REJECT_EDGE_TOO_LOW,"Score 8.0 < 11.8 (p95=9.1, p99=13.0)",
1704298380.0,BTCUSDT,REJECT_EDGE_TOO_LOW,"Score 7.4 < 11.8 (p95=9.1, p99=13.0)",
1704298440.0,BTCUSDT,REJECT_EDGE_TOO_LOW,"Score 6.5 < 11.8 (p95=9.1, p99=13.0)",
1704298500.0,BTCUSDT,REJECT_EDGE_TOO_LOW,"Score 6.5 < 11.8 (p95=9.1, p99=13.0)",
1704298560.0,BTCUSDT,REJECT_EDGE_TOO_LOW,"Score 6.5 < 11.8 (p95=9.1, p99=13.0)",
1704298740.0,BTCUSDT,REJECT_EDGE_TOO_LOW,"Score 4.9 < 11.8 (p95=9.1, p99=13.0)",
1704298860.0,BTCUSDT,REJECT_EDGE_TOO_LOW,"Score 4.5 < 11.8 (p95=9.1, p99=13.0)",
1704298980.0,BTCUSDT,REJECT_EDGE_TOO_LOW,"Score 3.7 < 11.8 (p95=9.1, p99=13.0)",
1704299040.0,BTCUSDT,REJECT_EDGE_TOO_LOW,"Score 3.8 < 11.8 (p95=9.1, p99=13.0)",
1704299160.0,BTCUSDT,REJECT_EDGE_TOO_LOW,"Score 3.9 < 11.8 (p95=9.1, p99=13.0)",
1704299400.0,BTCUSDT,REJECT_EDGE_TOO_LOW,"Score 3.7 < 11.8 (p95=9.1, p99=13.0)",
1704299460.0,BTCUSDT,REJECT_EDGE_TOO_LOW,"Score 4.3 < 11.8 (p95=9.1, p99=12.9)",
1704299520.0,BTCUSDT,REJECT_EDGE_TOO_LOW,"Score 4.2 < 11.8 (p95=9.1, p99=12.9)",
1704299940.0,BTCUSDT,REJECT_EDGE_TOO_LOW,"Score 7.4 < 11.8 (p95=9.1, p99=12.9)",
1704300000.0,BTCUSDT,REJECT_EDGE_TOO_LOW,"Score 7.2 < 11.8 (p95=9.1, p99=12.9)",
1704300060.0,BTCUSDT,REJECT_EDGE_TOO_LOW,"Score 6.3 < 11.8 (p95=9.1, p99=12.9)",
1704300240.0,BTCUSDT,REJECT_EDGE_TOO_LOW,"Score 6.9 < 11.8 (p95=9.1, p99=12.9)",
1704300420.0,BTCUSDT,REJECT_EDGE_TOO_LOW,"Score 6.4 < 11.8 (p95=9.1, p99=12.9)",
1704300480.0,BTCUSDT,REJECT_EDGE_TOO_LOW,"Score 5.8 < 11.8 (p95=9.1, p99=12.9)",
1704300540.0,BTCUSDT,REJECT_EDGE_TOO_LOW,"Score 5.8 < 11.8 (p95=9.1, p99=12.9)",
1704300600.0,BTCUSDT,REJECT_EDGE_TOO_LOW,"Score 5.6 < 11.8 (p95=9.1, p99=12.9)",
1704300660.0,BTCUSDT,REJECT_EDGE_TOO_LOW,"Score 6.0 < 11.8 (p95=9.1, p99=12.9)",
1704300720.0,BTCUSDT,REJECT_EDGE_TOO_LOW,"Score 6.1 < 11.8 (p95=9.1, p99=12.9)",
1704300780.0,BTCUSDT,REJECT_EDGE_TOO_LOW,"Score 5.8 < 11.8 (p95=9.1, p99=12.9)",
1704301320.0,BTCUSDT,REJECT_EDGE_TOO_LOW,"Score 4.4 < 11.8 (p95=9.1, p99=12.9)",
1704301380.0,BTCUSDT,REJECT_EDGE_TOO_LOW,"Score 4.7 < 11.8 (p95=9.1, p99=12.9)",
1704301440.0,BTCUSDT,REJECT_EDGE_TOO_LOW,"Score 4.5 < 11.8 (p95=9.1, p99=12.9)",
1704301500.0,BTCUSDT,REJECT_EDGE_TOO_LOW,"Score 4.9 < 11.8 (p95=9.1, p99=12.9)",
1704301620.0,BTCUSDT,REJECT_EDGE_TOO_LOW,"Score 5.3 < 11.8 (p95=9.1, p99=12.9)",
1704301680.0,BTCUSDT,REJECT_EDGE_TOO_LOW,"Score 4.5 < 11.8 (p95=9.1, p99=12.9)",
1704301740.0,BTCUSDT,REJECT_EDGE_TOO_LOW,"Score 4.7 < 11.8 (p95=9.1, p99=12.9)",
1704301860.0,BTCUSDT,REJECT_EDGE_TOO_LOW,"Score 4.4 < 11.8 (p95=9.1, p99=12.9)",
1704301920.0,BTCUSDT,REJECT_EDGE_TOO_LOW,"Score 4.4 < 11.8 (p95=9.1, p99=12.9)",
1704302220.0,BTCUSDT,REJECT_EDGE_TOO_LOW,"Score 6.2 < 11.8 (p95=9.1, p99=12.9)",
1704302280.0,BTCUSDT,REJECT_EDGE_TOO_LOW,"Score 7.0 < 11.8 (p95=9.1, p99=12.9)",
1704302400.0,BTCUSDT,REJECT_EDGE_TOO_LOW,"Score 7.1 < 11.8 (p95=9.1, p99=12.9)",
1704302460.0,BTCUSDT,REJECT_EDGE_TOO_LOW,"Score 7.3 < 11.8 (p95=9.1, p99=12.9)",
1704302520.0,BTCUSDT,REJECT_EDGE_TOO_LOW,"Score 7.3 < 11.8 (p95=9.1, p99=12.9)",
1704302580.0,BTCUSDT,REJECT_EDGE_TOO_LOW,"Score 6.8 < 11.8 (p95=9.1, p99=12.9)",
1704302700.0,BTCUSDT,REJECT_EDGE_TOO_LOW,"Score 6.5 < 11.8 (p95=9.1, p99=12.9)",
1704302760.0,BTCUSDT,REJECT_EDGE_TOO_LOW,"Score 6.3 < 11.8 (p95=9.1, p99=12.9)",
1704303720.0,BTCUSDT,REJECT_EDGE_TOO_LOW,"Score 3.6 < 11.8 (p95=9.0, p99=12.8)",
1704303780.0,BTCUSDT,REJECT_EDGE_TOO_LOW,"Score 3.4 < 11.8 (p95=9.0, p99=12.8)",
1704303840.0,BTCUSDT,REJECT_EDGE_TOO_LOW,"Score 3.6 < 11.8 (p95=9.0, p99=12.8)",
1704304140.0,BTCUSDT,REJECT_EDGE_TOO_LOW,"Score 5.0 < 11.8 (p95=9.0, p99=12.8)",
1704304200.0,BTCUSDT,REJECT_EDGE_TOO_LOW,"Score 5.1 < 11.8 (p95=9.0, p99=12.8)",
1704304800.0,BTCUSDT,REJECT_EDGE_TOO_LOW,"Score 5.0 < 11.8 (p95=9.0, p99=12.8)",
1704304860.0,BTCUSDT,REJECT_EDGE_TOO_LOW,"Score 4.5 < 11.8 (p95=9.0, p99=12.8)",
1704304920.0,BTCUSDT,REJECT_EDGE_TOO_LOW,"Score 4.7 < 11.8 (p95=9.0, p99=12.8)",
1704304980.0,BTCUSDT,REJECT_EDGE_TOO_LOW,"Score 4.7 < 11.8 (p95=9.0, p99=12.8)",
1704305280.0,BTCUSDT,REJECT_EDGE_TOO_LOW,"Score 5.8 < 11.8 (p95=9.0, p99=12.8)",
1704305340.0,BTCUSDT,REJECT_EDGE_TOO_LOW,"Score 5.0 < 11.8 (p95=9.0, p99=12.8)",
1704305760.0,BTCUSDT,REJECT_EDGE_TOO_LOW,"Score 4.3 < 11.8 (p95=9.0, p99=12.8)",
1704305820.0,BTCUSDT,REJECT_EDGE_TOO_LOW,"Score 4.0 < 11.8 (p95=9.0, p99=12.8)",
1704305880.0,BTCUSDT,REJECT_EDGE_TOO_LOW,"Score 5.0 < 11.8 (p95=9.0, p99=12.8)",
1704305940.0,BTCUSDT,REJECT_EDGE_TOO_LOW,"Score 4.5 < 11.8 (p95=9.0, p99=12.8)",
1704306000.0,BTCUSDT,REJECT_EDGE_TOO_LOW,"Score 4.5 < 11.8 (p95=9.0, p99=12.8)",
1704306960.0,BTCUSDT,REJECT_EDGE_TOO_LOW,"Score 6.7 < 11.8 (p95=9.0, p99=12.8)",
1704307020.0,BTCUSDT,REJECT_EDGE_TOO_LOW,"Score 6.0 < 11.8 (p95=9.0, p99=12.8)",
1704307080.0,BTCUSDT,REJECT_EDGE_TOO_LOW,"Score 6.2 < 11.8 (p95=9.0, p99=12.8)",
1704307140.0,BTCUSDT,REJECT_EDGE_TOO_LOW,"Score 6.1 < 11.8 (p95=9.0, p99=12.8)",
1704307200.0,BTCUSDT,REJECT_EDGE_TOO_LOW,"Score 5.6 < 11.8 (p95=9.0, p99=12.8)",
1704307380.0,BTCUSDT,REJECT_EDGE_TOO_LOW,"Score 5.9 < 11.8 (p95=9.0, p99=12.8)",
1704307500.0,BTCUSDT,REJECT_EDGE_TOO_LOW,"Score 5.6 < 11.8 (p95=9.0, p99=12.8)",
1704307560.0,BTCUSDT,REJECT_EDGE_TOO_LOW,"Score 5.9 < 11.8 (p95=9.0, p99=12.8)",
1704307620.0,BTCUSDT,REJECT_EDGE_TOO_LOW,"Score 6.6 < 11.8 (p95=9.0, p99=12.8)",
1704307680.0,BTCUSDT,REJECT_EDGE_TOO_LOW,"Score 5.7 < 11.8 (p95=9.0, p99=12.8)",
1704307740.0,BTCUSDT,REJECT_EDGE_TOO_LOW,"Score 6.0 < 11.8 (p95=9.0, p99=12.8)",
1704307920.0,BTCUSDT,REJECT_EDGE_TOO_LOW,"Score 6.0 < 11.8 (p95=9.0, p99=12.8)",
1704308160.0,BTCUSDT,REJECT_EDGE_TOO_LOW,"Score 10.7 < 11.8 (p95=9.0, p99=12.7)",
1704308220.0,BTCUSDT,REJECT_EDGE_TOO_LOW,"Score 11.2 < 11.8 (p95=9.0, p99=12.7)",
1704308280.0,BTCUSDT,REJECT_EDGE_TOO_LOW,"Score 9.8 < 11.8 (p95=9.0, p99=12.7)",
1704308340.0,BTCUSDT,REJECT_EDGE_TOO_LOW,"Score 11.0 < 11.8 (p95=9.0, p99=12.7)",
1704308400.0,BTCUSDT,REJECT_EDGE_TOO_LOW,"Score 9.9 < 11.8 (p95=9.1, p99=12.7)",
1704308460.0,BTCUSDT,REJECT_EDGE_TOO_LOW,"Score 10.4 < 11.8 (p95=9.1, p99=12.7)",
1704308520.0,BTCUSDT,REJECT_EDGE_TOO_LOW,"Score 11.2 < 11.8 (p95=9.1, p99=12.7)",
1704308580.0,BTCUSDT,REJECT_EDGE_TOO_LOW,"Score 10.8 < 11.8 (p95=9.1, p99=12.7)",
1704308640.0,BTCUSDT,REJECT_EDGE_TOO_LOW,"Score 10.0 < 11.8 (p95=9.1, p99=12.7)",
1704308700.0,BTCUSDT,REJECT_EDGE_TOO_LOW,"Score 8.3 < 11.8 (p95=9.1, p99=12.7)",
1704308760.0,BTCUSDT,REJECT_EDGE_TOO_LOW,"Score 8.1 < 11.8 (p95=9.1, p99=12.7)",
1704308820.0,BTCUSDT,REJECT_EDGE_TOO_LOW,"Score 8.1 < 11.8 (p95=9.1, p99=12.7)",
1704308880.0,BTCUSDT,REJECT_EDGE_TOO_LOW,"Score 7.8 < 11.8 (p95=9.1, p99=12.7)",
1704308940.0,BTCUSDT,REJECT_EDGE_TOO_LOW,"Score 7.3 < 11.8 (p95=9.1, p99=12.7)",
1704310320.0,BTCUSDT,REJECT_EDGE_TOO_LOW,"Score 5.1 < 11.8 (p95=9.1, p99=12.7)",
1704310560.0,BTCUSDT,REJECT_EDGE_TOO_LOW,"Score 7.8 < 11.8 (p95=9.1, p99=12.7)",
1704310620.0,BTCUSDT,REJECT_EDGE_TOO_LOW,"Score 7.3 < 11.8 (p95=9.1, p99=12.7)",
1704310680.0,BTCUSDT,REJECT_EDGE_TOO_LOW,"Score 6.7 < 11.8 (p95=9.1, p99=12.7)",
1704310740.0,BTCUSDT,REJECT_EDGE_TOO_LOW,"Score 6.6 < 11.8 (p95=9.1, p99=12.7)",
1704310800.0,BTCUSDT,REJECT_EDGE_TOO_LOW,"Score 6.6 < 11.8 (p95=9.1, p99=12.7)",
1704310860.0,BTCUSDT,REJECT_EDGE_TOO_LOW,"Score 6.1 < 11.8 (p95=9.1, p99=12.7)",
1704312420.0,BTCUSDT,REJECT_EDGE_TOO_LOW,"Score 3.8 < 11.8 (p95=9.1, p99=12.7)",
1704312480.0,BTCUSDT,REJECT_EDGE_TOO_LOW,"Score 3.9 < 11.8 (p95=9.1, p99=12.7)",
1704313140.0,BTCUSDT,REJECT_EDGE_TOO_LOW,"Score 4.1 < 11.8 (p95=9.1, p99=12.7)",
1704313200.0,BTCUSDT,REJECT_EDGE_TOO_LOW,"Score 3.9 < 11.8 (p95=9.1, p99=12.7)",
1704313260.0,BTCUSDT,REJECT_EDGE_TOO_LOW,"Score 3.7 < 11.8 (p95=9.1, p99=12.7)",
1704313380.0,BTCUSDT,REJECT_EDGE_TOO_LOW,"Score 4.1 < 11.8 (p95=9.1, p99=12.7)",
1704313440.0,BTCUSDT,REJECT_EDGE_TOO_LOW,"Score 4.2 < 11.8 (p95=9.1, p99=12.7)",
1704313500.0,BTCUSDT,REJECT_EDGE_TOO_LOW,"Score 4.3 < 11.8 (p95=9.1, p99=12.7)",
1704314040.0,BTCUSDT,REJECT_EDGE_TOO_LOW,"Score 5.6 < 11.8 (p95=9.1, p99=12.7)",
1704314160.0,BTCUSDT,REJECT_EDGE_TOO_LOW,"Score 5.9 < 11.8 (p95=9.1, p99=12.7)",
1704314820.0,BTCUSDT,REJECT_EDGE_TOO_LOW,"Score 5.7 < 11.8 (p95=9.1, p99=12.7)",
1704316140.0,BTCUSDT,REJECT_EDGE_TOO_LOW,"Score 4.5 < 11.8 (p95=9.0, p99=12.7)",
1704316200.0,BTCUSDT,REJECT_EDGE_TOO_LOW,"Score 3.9 < 11.8 (p95=9.0, p99=12.7)",
1704316260.0,BTCUSDT,REJECT_EDGE_TOO_LOW,"Score 4.4 < 11.8 (p95=9.0, p99=12.7)",
1704316320.0,BTCUSDT,REJECT_EDGE_TOO_LOW,"Score 4.5 < 11.8 (p95=9.0, p99=12.7)",
1704316380.0,BTCUSDT,REJECT_EDGE_TOO_LOW,"Score 4.2 < 11.8 (p95=9.0, p99=12.7)",
1704316440.0,BTCUSDT,REJECT_EDGE_TOO_LOW,"Score 3.9 < 11.8 (p95=9.0, p99=12.7)",
1704316680.0,BTCUSDT,REJECT_EDGE_TOO_LOW,"Score 4.9 < 11.8 (p95=9.0, p99=12.7)",
1704316740.0,BTCUSDT,REJECT_EDGE_TOO_LOW,"Score 5.0 < 11.8 (p95=9.0, p99=12.7)",
1704316800.0,BTCUSDT,REJECT_EDGE_TOO_LOW,"Score 4.6 < 11.8 (p95=9.0, p99=12.7)",
1704316860.0,BTCUSDT,REJECT_EDGE_TOO_LOW,"Score 4.2 < 11.8 (p95=9.0, p99=12.7)",
1704317160.0,BTCUSDT,REJECT_EDGE_TOO_LOW,"Score 3.7 < 11.8 (p95=9.0, p99=12.6)",
1704317220.0,BTCUSDT,REJECT_EDGE_TOO_LOW,"Score 3.9 < 11.8 (p95=9.0, p99=12.6)",
1704317580.0,BTCUSDT,REJECT_EDGE_TOO_LOW,"Score 3.7 < 11.8 (p95=9.0, p99=12.6)",
1704317640.0,BTCUSDT,REJECT_EDGE_TOO_LOW,"Score 3.8 < 11.8 (p95=9.0, p99=12.6)",
1704317700.0,BTCUSDT,REJECT_EDGE_TOO_LOW,"Score 3.8 < 11.8 (p95=9.0, p99=12.6)",
1704318480.0,BTCUSDT,REJECT_EDGE_TOO_LOW,"Score 4.5 < 11.8 (p95=9.0, p99=12.6)",
1704318780.0,BTCUSDT,REJECT_EDGE_TOO_LOW,"Score 5.7 < 11.8 (p95=9.0, p99=12.6)",
1704320280.0,BTCUSDT,REJECT_EDGE_TOO_LOW,"Score 3.1 < 11.8 (p95=9.0, p99=12.5)",
1704320760.0,BTCUSDT,REJECT_EDGE_TOO_LOW,"Score 4.6 < 11.8 (p95=9.0, p99=12.5)",
1704321060.0,BTCUSDT,REJECT_EDGE_TOO_LOW,"Score 6.0 < 11.8 (p95=9.0, p99=12.5)",
1704321120.0,BTCUSDT,REJECT_EDGE_TOO_LOW,"Score 6.6 < 11.8 (p95=9.0, p99=12.5)",
1704321180.0,BTCUSDT,REJECT_EDGE_TOO_LOW,"Score 6.1 < 11.8 (p95=9.0, p99=12.5)",
1704321240.0,BTCUSDT,REJECT_EDGE_TOO_LOW,"Score 5.8 < 11.8 (p95=9.0, p99=12.5)",
1704321300.0,BTCUSDT,REJECT_EDGE_TOO_LOW,"Score 6.2 < 11.8 (p95=9.0, p99=12.5)",
1704321360.0,BTCUSDT,REJECT_EDGE_TOO_LOW,"Score 6.2 < 11.8 (p95=9.0, p99=12.5)",
1704321420.0,BTCUSDT,REJECT_EDGE_TOO_LOW,"Score 6.2 < 11.8 (p95=9.0, p99=12.5)",
1704321480.0,BTCUSDT,REJECT_EDGE_TOO_LOW,"Score 6.2 < 11.8 (p95=9.0, p99=12.5)",
1704321720.0,BTCUSDT,REJECT_EDGE_TOO_LOW,"Score 6.7 < 11.8 (p95=9.0, p99=12.5)",
1704321900.0,BTCUSDT,REJECT_EDGE_TOO_LOW,"Score 7.0 < 11.8 (p95=9.0, p99=12.5)",
1704322920.0,BTCUSDT,REJECT_EDGE_TOO_LOW,"Score 3.9 < 11.8 (p95=9.0, p99=12.5)",
1704322980.0,BTCUSDT,REJECT_EDGE_TOO_LOW,"Score 4.2 < 11.8 (p95=9.0, p99=12.5)",
1704323040.0,BTCUSDT,REJECT_EDGE_TOO_LOW,"Score 4.1 < 11.8 (p95=9.0, p99=12.5)",
1704323100.0,BTCUSDT,REJECT_EDGE_TOO_LOW,"Score 4.4 < 11.8 (p95=9.0, p99=12.5)",
1704323160.0,BTCUSDT,REJECT_EDGE_TOO_LOW,"Score 4.7 < 11.8 (p95=9.0, p99=12.5)",
1704323280.0,BTCUSDT,REJECT_EDGE_TOO_LOW,"Score 5.1 < 11.8 (p95=9.0, p99=12.5)",
1704323520.0,BTCUSDT,REJECT_EDGE_TOO_LOW,"Score 5.5 < 11.8 (p95=9.0, p99=12.5)",
1704323580.0,BTCUSDT,REJECT_EDGE_TOO_LOW,"Score 5.5 < 11.8 (p95=9.0, p99=12.5)",
1704327360.0,BTCUSDT,REJECT_EDGE_TOO_LOW,"Score 4.6 < 11.8 (p95=9.0, p99=12.5)",
1704328560.0,BTCUSDT,REJECT_EDGE_TOO_LOW,"Score 3.3 < 11.8 (p95=9.0, p99=12.4)",
1704328620.0,BTCUSDT,REJECT_EDGE_TOO_LOW,"Score 3.4 < 11.8 (p95=9.0, p99=12.4)",
1704331260.0,BTCUSDT,REJECT_EDGE_TOO_LOW,"Score 4.8 < 11.8 (p95=9.0, p99=12.4)",
1704331620.0,BTCUSDT,REJECT_EDGE_TOO_LOW,"Score 5.6 < 11.8 (p95=8.9, p99=12.4)",
1704331680.0,BTCUSDT,REJECT_EDGE_TOO_LOW,"Score 5.4 < 11.8 (p95=8.9, p99=12.4)",
1704332100.0,BTCUSDT,REJECT_EDGE_TOO_LOW,"Score 4.5 < 11.8 (p95=8.9, p99=12.4)",
1704332220.0,BTCUSDT,REJECT_EDGE_TOO_LOW,"Score 4.3 < 11.8 (p95=8.9, p99=12.4)",
1704332340.0,BTCUSDT,REJECT_EDGE_TOO_LOW,"Score 4.5 < 11.8 (p95=8.9, p99=12.4)",
1704332460.0,BTCUSDT,REJECT_EDGE_TOO_LOW,"Score 4.5 < 11.8 (p95=8.9, p99=12.4)",
1704334860.0,BTCUSDT,REJECT_EDGE_TOO_LOW,"Score 8.1 < 11.8 (p95=8.9, p99=12.4)",
1704334920.0,BTCUSDT,REJECT_EDGE_TOO_LOW,"Score 8.1 < 11.8 (p95=8.9, p99=12.4)",
1704334980.0,BTCUSDT,REJECT_EDGE_TOO_LOW,"Score 7.3 < 11.8 (p95=8.9, p99=12.4)",
1704335040.0,BTCUSDT,REJECT_EDGE_TOO_LOW,"Score 7.3 < 11.8 (p95=8.9, p99=12.4)",
1704336480.0,BTCUSDT,REJECT_EDGE_TOO_LOW,"Score 6.9 < 11.8 (p95=8.9, p99=12.4)",
1704336540.0,BTCUSDT,REJECT_EDGE_TOO_LOW,"Score 7.0 < 11.8 (p95=8.9, p99=12.4)",
1704336600.0,BTCUSDT,REJECT_EDGE_TOO_LOW,"Score 6.9 < 11.8 (p95=8.9, p99=12.4)",
1704336660.0,BTCUSDT,REJECT_EDGE_TOO_LOW,"Score 7.5 < 11.8 (p95=8.9, p99=12.4)",
1704336720.0,BTCUSDT,REJECT_EDGE_TOO_LOW,"Score 7.5 < 11.8 (p95=8.9, p99=12.4)",
1704336840.0,BTCUSDT,REJECT_EDGE_TOO_LOW,"Score 7.3 < 11.8 (p95=8.9, p99=12.4)",
1704336900.0,BTCUSDT,REJECT_EDGE_TOO_LOW,"Score 7.4 < 11.8 (p95=8.9, p99=12.4)",
1704336960.0,BTCUSDT,REJECT_EDGE_TOO_LOW,"Score 7.8 < 11.8 (p95=8.9, p99=12.4)",
1704337020.0,BTCUSDT,REJECT_EDGE_TOO_LOW,"Score 8.8 < 11.8 (p95=8.9, p99=12.4)",
1704337080.0,BTCUSDT,REJECT_EDGE_TOO_LOW,"Score 9.0 < 11.8 (p95=8.9, p99=12.4)",
1704337140.0,BTCUSDT,REJECT_EDGE_TOO_LOW,"Score 8.5 < 11.8 (p95=8.9, p99=12.4)",
1704337200.0,BTCUSDT,REJECT_EDGE_TOO_LOW,"Score 8.2 < 11.8 (p95=8.9, p99=12.4)",
1704337260.0,BTCUSDT,REJECT_EDGE_TOO_LOW,"Score 7.9 < 11.8 (p95=8.9, p99=12.3)",
1704337320.0,BTCUSDT,REJECT_EDGE_TOO_LOW,"Score 8.0 < 11.8 (p95=8.9, p99=12.3)",
1704337380.0,BTCUSDT,REJECT_EDGE_TOO_LOW,"Score 7.3 < 11.8 (p95=8.9, p99=12.3)",
1704337440.0,BTCUSDT,REJECT_EDGE_TOO_LOW,"Score 7.4 < 11.8 (p95=8.9, p99=12.3)",
1704337500.0,BTCUSDT,REJECT_EDGE_TOO_LOW,"Score 7.0 < 11.8 (p95=8.9, p99=12.3)",
1704337620.0,BTCUSDT,REJECT_EDGE_TOO_LOW,"Score 7.5 < 11.8 (p95=8.9, p99=12.3)",
1704337680.0,BTCUSDT,REJECT_EDGE_TOO_LOW,"Score 7.8 < 11.8 (p95=8.9, p99=12.3)",
1704337740.0,BTCUSDT,REJECT_EDGE_TOO_LOW,"Score 8.1 < 11.8 (p95=8.9, p99=12.3)",
1704337800.0,BTCUSDT,REJECT_EDGE_TOO_LOW,"Score 8.1 < 11.8 (p95=8.9, p99=12.3)",
1704337860.0,BTCUSDT,REJECT_EDGE_TOO_LOW,"Score 7.5 < 11.8 (p95=8.9, p99=12.3)",
1704337920.0,BTCUSDT,REJECT_EDGE_TOO_LOW,"Score 7.4 < 11.8 (p95=8.9, p99=12.3)",
1704338160.0,BTCUSDT,REJECT_EDGE_TOO_LOW,"Score 6.9 < 11.8 (p95=8.9, p99=12.3)",
1704340080.0,BTCUSDT,REJECT_EDGE_TOO_LOW,"Score 3.7 < 11.8 (p95=8.9, p99=12.3)",
1704340260.0,BTCUSDT,REJECT_EDGE_TOO_LOW,"Score 3.9 < 11.8 (p95=8.9, p99=12.3)",
1704340980.0,BTCUSDT,REJECT_EDGE_TOO_LOW,"Score 4.2 < 11.8 (p95=8.9, p99=12.3)",
1704341100.0,BTCUSDT,REJECT_EDGE_TOO_LOW,"Score 4.3 < 11.8 (p95=8.9, p99=12.3)",
1704341220.0,BTCUSDT,REJECT_EDGE_TOO_LOW,"Score 4.3 < 11.8 (p95=8.9, p99=12.3)",
1704343680.0,BTCUSDT,REJECT_EDGE_TOO_LOW,"Score 3.9 < 11.8 (p95=8.9, p99=12.2)",
1704343740.0,BTCUSDT,REJECT_EDGE_TOO_LOW,"Score 4.1 < 11.8 (p95=8.9, p99=12.2)",
1704346800.0,BTCUSDT,REJECT_EDGE_TOO_LOW,"Score 5.5 < 11.8 (p95=8.8, p99=12.2)",
1704346860.0,BTCUSDT,REJECT_EDGE_TOO_LOW,"Score 5.9 < 11.8 (p95=8.8, p99=12.2)",
1704346980.0,BTCUSDT,REJECT_EDGE_TOO_LOW,"Score 5.8 < 11.8 (p95=8.8, p99=12.2)",
1704347040.0,BTCUSDT,REJECT_EDGE_TOO_LOW,"Score 5.7 < 11.8 (p95=8.8, p99=12.2)",
1704347100.0,BTCUSDT,REJECT_EDGE_TOO_LOW,"Score 5.5 < 11.8 (p95=8.8, p99=12.2)",
1704351900.0,BTCUSDT,REJECT_EDGE_TOO_LOW,"Score 4.1 < 11.8 (p95=8.8, p99=12.2)",
1704352380.0,BTCUSDT,REJECT_EDGE_TOO_LOW,"Score 5.3 < 11.8 (p95=8.8, p99=12.2)",
1704352440.0,BTCUSDT,REJECT_EDGE_TOO_LOW,"Score 5.6 < 11.8 (p95=8.8, p99=12.2)",
1704352500.0,BTCUSDT,REJECT_EDGE_TOO_LOW,"Score 6.0 < 11.8 (p95=8.8, p99=12.2)",
1704352560.0,BTCUSDT,REJECT_EDGE_TOO_LOW,"Score 6.4 < 11.8 (p95=8.8, p99=12.2)",
1704352620.0,BTCUSDT,REJECT_EDGE_TOO_LOW,"Score 6.6 < 11.8 (p95=8.8, p99=12.2)",
1704352860.0,BTCUSDT,REJECT_EDGE_TOO_LOW,"Score 8.3 < 11.8 (p95=8.8, p99=12.2)",
1704352920.0,BTCUSDT,REJECT_EDGE_TOO_LOW,"Score 7.8 < 11.8 (p95=8.8, p99=12.2)",
1704352980.0,BTCUSDT,REJECT_EDGE_TOO_LOW,"Score 7.7 < 11.8 (p95=8.8, p99=12.2)",
1704353040.0,BTCUSDT,REJECT_EDGE_TOO_LOW,"Score 7.2 < 11.8 (p95=8.8, p99=12.2)",
1704353100.0,BTCUSDT,REJECT_EDGE_TOO_LOW,"Score 7.1 < 11.8 (p95=8.8, p99=12.2)",
1704353160.0,BTCUSDT,REJECT_EDGE_TOO_LOW,"Score 7.1 < 11.8 (p95=8.8, p99=12.2)",
1704353220.0,BTCUSDT,REJECT_EDGE_TOO_LOW,"Score 6.9 < 11.8 (p95=8.8, p99=12.2)",
1704353580.0,BTCUSDT,REJECT_EDGE_TOO_LOW,"Score 6.0 < 11.8 (p95=8.8, p99=12.2)",
1704353940.0,BTCUSDT,REJECT_EDGE_TOO_LOW,"Score 4.6 < 11.8 (p95=8.8, p99=12.2)",
1704354120.0,BTCUSDT,REJECT_EDGE_TOO_LOW,"Score 6.8 < 11.8 (p95=8.8, p99=12.2)",
1704354240.0,BTCUSDT,REJECT_EDGE_TOO_LOW,"Score 5.2 < 11.8 (p95=8.8, p99=12.2)",
1704354300.0,BTCUSDT,REJECT_EDGE_TOO_LOW,"Score 5.3 < 11.8 (p95=8.8, p99=12.2)",
1704354360.0,BTCUSDT,REJECT_EDGE_TOO_LOW,"Score 6.3 < 11.8 (p95=8.8, p99=12.2)",
1704354420.0,BTCUSDT,REJECT_EDGE_TOO_LOW,"Score 6.2 < 11.8 (p95=8.8, p99=12.2)",
1704354480.0,BTCUSDT,REJECT_EDGE_TOO_LOW,"Score 6.4 < 11.8 (p95=8.8, p99=12.2)",
1704354540.0,BTCUSDT,REJECT_EDGE_TOO_LOW,"Score 6.6 < 11.8 (p95=8.8, p99=12.2)",
1704354600.0,BTCUSDT,REJECT_EDGE_TOO_LOW,"Score 6.6 < 11.8 (p95=8.8, p99=12.2)",
1704354720.0,BTCUSDT,REJECT_EDGE_TOO_LOW,"Score 6.2 < 11.8 (p95=8.8, p99=12.2)",
1704354780.0,BTCUSDT,REJECT_EDGE_TOO_LOW,"Score 6.5 < 11.8 (p95=8.8, p99=12.2)",
1704355020.0,BTCUSDT,REJECT_EDGE_TOO_LOW,"Score 7.3 < 11.8 (p95=8.8, p99=12.2)",
1704355740.0,BTCUSDT,REJECT_EDGE_TOO_LOW,"Score 5.7 < 11.8 (p95=8.8, p99=12.2)",
1704356100.0,BTCUSDT,REJECT_EDGE_TOO_LOW,"Score 4.4 < 11.8 (p95=8.8, p99=12.2)",
1704356340.0,BTCUSDT,REJECT_EDGE_TOO_LOW,"Score 5.1 < 11.8 (p95=8.8, p99=12.2)",
1704356580.0,BTCUSDT,REJECT_EDGE_TOO_LOW,"Score 4.2 < 11.8 (p95=8.8, p99=12.2)",
1704356640.0,BTCUSDT,REJECT_EDGE_TOO_LOW,"Score 4.1 < 11.8 (p95=8.8, p99=12.2)",
1704356880.0,BTCUSDT,REJECT_EDGE_TOO_LOW,"Score 4.1 < 11.8 (p95=8.8, p99=12.2)",
1704357300.0,BTCUSDT,REJECT_EDGE_TOO_LOW,"Score 3.4 < 11.8 (p95=8.8, p99=12.2)",
1704357360.0,BTCUSDT,REJECT_EDGE_TOO_LOW,"Score 3.5 < 11.8 (p95=8.8, p99=12.2)",
1704357420.0,BTCUSDT,REJECT_EDGE_TOO_LOW,"Score 4.2 < 11.8 (p95=8.8, p99=12.1)",
1704357480.0,BTCUSDT,REJECT_EDGE_TOO_LOW,"Score 4.1 < 11.8 (p95=8.8, p99=12.1)",
1704358320.0,BTCUSDT,REJECT_EDGE_TOO_LOW,"Score 4.1 < 11.8 (p95=8.8, p99=12.1)",
1704360180.0,BTCUSDT,REJECT_EDGE_TOO_LOW,"Score 4.5 < 11.8 (p95=8.8, p99=12.1)",
1704360240.0,BTCUSDT,REJECT_EDGE_TOO_LOW,"Score 4.4 < 11.8 (p95=8.8, p99=12.1)",
1704360480.0,BTCUSDT,REJECT_EDGE_TOO_LOW,"Score 5.1 < 11.8 (p95=8.8, p99=12.1)",
1704360540.0,BTCUSDT,REJECT_EDGE_TOO_LOW,"Score 5.1 < 11.8 (p95=8.8, p99=12.1)",
1704361800.0,BTCUSDT,REJECT_EDGE_TOO_LOW,"Score 3.4 < 11.8 (p95=8.8, p99=12.1)",
1704361920.0,BTCUSDT,REJECT_EDGE_TOO_LOW,"Score 3.5 < 11.8 (p95=8.8, p99=12.1)",
1704363780.0,BTCUSDT,REJECT_EDGE_TOO_LOW,"Score 8.3 < 11.8 (p95=8.7, p99=12.1)",
1704363840.0,BTCUSDT,REJECT_EDGE_TOO_LOW,"Score 8.7 < 11.8 (p95=8.7, p99=12.1)",
1704363900.0,BTCUSDT,REJECT_EDGE_TOO_LOW,"Score 10.3 < 11.8 (p95=8.8, p99=12.1)",
1704363960.0,BTCUSDT,REJECT_EDGE_TOO_LOW,"Score 9.7 < 11.8 (p95=8.8, p99=12.1)",
1704364020.0,BTCUSDT,REJECT_EDGE_TOO_LOW,"Score 8.5 < 11.8 (p95=8.8, p99=12.1)",
1704364080.0,BTCUSDT,REJECT_EDGE_TOO_LOW,"Score 8.2 < 11.8 (p95=8.8, p99=12.1)",
1704364140.0,BTCUSDT,REJECT_EDGE_TOO_LOW,"Score 8.6 < 11.8 (p95=8.8, p99=12.1)",
1704364200.0,BTCUSDT,REJECT_EDGE_TOO_LOW,"Score 8.3 < 11.8 (p95=8.8, p99=12.1)",
1704364260.0,BTCUSDT,REJECT_EDGE_TOO_LOW,"Score 8.8 < 11.8 (p95=8.8, p99=12.0)",
1704364320.0,BTCUSDT,REJECT_EDGE_TOO_LOW,"Score 7.9 < 11.8 (p95=8.8, p99=12.0)",
1704364380.0,BTCUSDT,REJECT_EDGE_TOO_LOW,"Score 8.3 < 11.8 (p95=8.8, p99=12.0)",
1704365040.0,BTCUSDT,REJECT_EDGE_TOO_LOW,"Score 5.7 < 11.8 (p95=8.8, p99=12.0)",
1704365100.0,BTCUSDT,REJECT_EDGE_TOO_LOW,"Score 5.3 < 11.8 (p95=8.8, p99=12.0)",
1704365160.0,BTCUSDT,REJECT_EDGE_TOO_LOW,"Score 5.5 < 11.8 (p95=8.8, p99=12.0)",
1704365400.0,BTCUSDT,REJECT_EDGE_TOO_LOW,"Score 4.9 < 11.8 (p95=8.8, p99=12.0)",
1704365820.0,BTCUSDT,REJECT_EDGE_TOO_LOW,"Score 4.4 < 11.8 (p95=8.8, p99=12.0)",
1704365880.0,BTCUSDT,REJECT_EDGE_TOO_LOW,"Score 4.3 < 11.8 (p95=8.8, p99=12.0)",
1704365940.0,BTCUSDT,REJECT_EDGE_TOO_LOW,"Score 4.2 < 11.8 (p95=8.8, p99=12.0)",
1704366060.0,BTCUSDT,REJECT_EDGE_TOO_LOW,"Score 4.7 < 11.8 (p95=8.8, p99=12.0)",
1704366180.0,BTCUSDT,REJECT_EDGE_TOO_LOW,"Score 4.4 < 11.8 (p95=8.8, p99=12.0)",
1704366240.0,BTCUSDT,REJECT_EDGE_TOO_LOW,"Score 4.5 < 11.8 (p95=8.8, p99=12.0)",
1704366300.0,BTCUSDT,REJECT_EDGE_TOO_LOW,"Score 4.5 < 11.8 (p95=8.8, p99=12.0)",
1704367260.0,BTCUSDT,REJECT_EDGE_TOO_LOW,"Score 3.1 < 11.8 (p95=8.7, p99=12.0)",
1704367320.0,BTCUSDT,REJECT_EDGE_TOO_LOW,"Score 3.2 < 11.8 (p95=8.7, p99=12.0)",
1704370500.0,BTCUSDT,REJECT_EDGE_TOO_LOW,"Score 5.1 < 11.8 (p95=8.7, p99=12.0)",
1704370680.0,BTCUSDT,REJECT_EDGE_TOO_LOW,"Score 6.2 < 11.8 (p95=8.7, p99=12.0)",
1704370800.0,BTCUSDT,REJECT_EDGE_TOO_LOW,"Score 6.5 < 11.8 (p95=8.7, p99=12.0)",
1704370860.0,BTCUSDT,REJECT_EDGE_TOO_LOW,"Score 6.4 < 11.8 (p95=8.7, p99=12.0)",
1704370920.0,BTCUSDT,REJECT_EDGE_TOO_LOW,"Score 6.4 < 11.8 (p95=8.7, p99=12.0)",
1704370980.0,BTCUSDT,REJECT_EDGE_TOO_LOW,"Score 6.1 < 11.8 (p95=8.7, p99=12.0)",
1704371040.0,BTCUSDT,REJECT_EDGE_TOO_LOW,"Score 6.1 < 11.8 (p95=8.7, p99=12.0)",
1704371160.0,BTCUSDT,REJECT_EDGE_TOO_LOW,"Score 6.7 < 11.8 (p95=8.7, p99=12.0)",
1704371280.0,BTCUSDT,REJECT_EDGE_TOO_LOW,"Score 6.1 < 11.8 (p95=8.7, p99=12.0)",
1704371460.0,BTCUSDT,REJECT_EDGE_TOO_LOW,"Score 6.1 < 11.8 (p95=8.7, p99=12.0)",
1704371520.0,BTCUSDT,REJECT_EDGE_TOO_LOW,"Score 5.5 < 11.8 (p95=8.7, p99=12.0)",
1704371820.0,BTCUSDT,REJECT_EDGE_TOO_LOW,"Score 4.4 < 11.8 (p95=8.7, p99=12.0)",
1704371880.0,BTCUSDT,REJECT_EDGE_TOO_LOW,"Score 4.3 < 11.8 (p95=8.7, p99=12.0)",
1704371940.0,BTCUSDT,REJECT_EDGE_TOO_LOW,"Score 3.8 < 11.8 (p95=8.7, p99=12.0)",
1704372120.0,BTCUSDT,REJECT_EDGE_TOO_LOW,"Score 3.3 < 11.8 (p95=8.7, p99=12.0)",
1704373380.0,BTCUSDT,REJECT_EDGE_TOO_LOW,"Score 2.5 < 11.8 (p95=8.7, p99=11.9)",
1704376560.0,BTCUSDT,REJECT_EDGE_TOO_LOW,"Score 6.5 < 11.8 (p95=8.7, p99=11.9)",
1704376860.0,BTCUSDT,REJECT_EDGE_TOO_LOW,"Score 5.5 < 11.8 (p95=8.7, p99=11.9)",
1704377760.0,BTCUSDT,REJECT_EDGE_TOO_LOW,"Score 4.5 < 11.8 (p95=8.7, p99=11.9)",
1704377820.0,BTCUSDT,REJECT_EDGE_TOO_LOW,"Score 4.2 < 11.8 (p95=8.7, p99=11.9)",
1704378420.0,BTCUSDT,REJECT_EDGE_TOO_LOW,"Score 3.3 < 11.8 (p95=8.7, p99=11.9)",
1704378480.0,BTCUSDT,REJECT_EDGE_TOO_LOW,"Score 3.4 < 11.8 (p95=8.7, p99=11.9)",
1704378660.0,BTCUSDT,REJECT_EDGE_TOO_LOW,"Score 3.4 < 11.8 (p95=8.7, p99=11.9)",
1704378720.0,BTCUSDT,REJECT_EDGE_TOO_LOW,"Score 3.5 < 11.8 (p95=8.7, p99=11.9)",
1704379320.0,BTCUSDT,REJECT_EDGE_TOO_LOW,"Score 3.9 < 11.8 (p95=8.7, p99=11.9)",
1704379500.0,BTCUSDT,REJECT_EDGE_TOO_LOW,"Score 5.3 < 11.8 (p95=8.7, p99=11.9)",
1704379560.0,BTCUSDT,REJECT_EDGE_TOO_LOW,"Score 4.3 < 11.8 (p95=8.7, p99=11.9)",
1704379620.0,BTCUSDT,REJECT_EDGE_TOO_LOW,"Score 5.1 < 11.8 (p95=8.7, p99=11.9)",
1704379680.0,BTCUSDT,REJECT_EDGE_TOO_LOW,"Score 4.6 < 11.8 (p95=8.7, p99=11.9)",
1704379740.0,BTCUSDT,REJECT_EDGE_TOO_LOW,"Score 4.7 < 11.8 (p95=8.7, p99=11.9)",
1704379980.0,BTCUSDT,REJECT_EDGE_TOO_LOW,"Score 7.3 < 11.8 (p95=8.7, p99=11.9)",
1704380040.0,BTCUSDT,REJECT_EDGE_TOO_LOW,"Score 6.8 < 11.8 (p95=8.7, p99=11.9)",
1704380160.0,BTCUSDT,REJECT_EDGE_TOO_LOW,"Score 7.2 < 11.8 (p95=8.7, p99=11.9)",
1704380220.0,BTCUSDT,REJECT_EDGE_TOO_LOW,"Score 6.9 < 11.8 (p95=8.7, p99=11.9)",
1704380280.0,BTCUSDT,REJECT_EDGE_TOO_LOW,"Score 7.1 < 11.8 (p95=8.7, p99=11.9)",
1704380340.0,BTCUSDT,REJECT_EDGE_TOO_LOW,"Score 8.1 < 11.8 (p95=8.7, p99=11.9)",
1704380460.0,BTCUSDT,REJECT_EDGE_TOO_LOW,"Score 9.0 < 11.8 (p95=8.7, p99=11.9)",
1704380520.0,BTCUSDT,REJECT_EDGE_TOO_LOW,"Score 9.2 < 11.8 (p95=8.7, p99=11.9)",
1704380580.0,BTCUSDT,REJECT_EDGE_TOO_LOW,"Score 8.7 < 11.8 (p95=8.7, p99=11.9)",
1704380640.0,BTCUSDT,REJECT_EDGE_TOO_LOW,"Score 7.8 < 11.8 (p95=8.7, p99=11.9)",
1704380700.0,BTCUSDT,REJECT_EDGE_TOO_LOW,"Score 8.2 < 11.8 (p95=8.7, p99=11.9)",
1704380760.0,BTCUSDT,REJECT_EDGE_TOO_LOW,"Score 7.2 < 11.8 (p95=8.7, p99=11.9)",
1704380820.0,BTCUSDT,REJECT_EDGE_TOO_LOW,"Score 7.2 < 11.8 (p95=8.7, p99=11.9)",
1704380880.0,BTCUSDT,REJECT_EDGE_TOO_LOW,"Score 7.5 < 11.8 (p95=8.7, p99=11.9)",
1704380940.0,BTCUSDT,REJECT_EDGE_TOO_LOW,"Score 8.2 < 11.8 (p95=8.7, p99=11.9)",
1704381000.0,BTCUSDT,REJECT_EDGE_TOO_LOW,"Score 8.2 < 11.8 (p95=8.7, p99=11.9)",
1704381060.0,BTCUSDT,REJECT_EDGE_TOO_LOW,"Score 7.8 < 11.8 (p95=8.7, p99=11.9)",
1704381120.0,BTCUSDT,REJECT_EDGE_TOO_LOW,"Score 8.3 < 11.8 (p95=8.7, p99=11.9)",
1704381180.0,BTCUSDT,REJECT_EDGE_TOO_LOW,"Score 8.8 < 11.8 (p95=8.7, p99=11.9)",
1704381240.0,BTCUSDT,REJECT_EDGE_TOO_LOW,"Score 9.3 < 11.8 (p95=8.7, p99=11.9)",
1704381300.0,BTCUSDT,REJECT_EDGE_TOO_LOW,"Score 11.4 < 11.8 (p95=8.7, p99=11.9)",
1704381360.0,BTCUSDT,REJECT_EDGE_TOO_LOW,"Score 10.7 < 11.8 (p95=8.7, p99=11.9)",
1704381420.0,BTCUSDT,REJECT_EDGE_TOO_LOW,"Score 9.2 < 11.8 (p95=8.7, p99=11.9)",
1704381480.0,BTCUSDT,REJECT_EDGE_TOO_LOW,"Score 9.9 < 11.8 (p95=8.7, p99=11.9)",
1704381540.0,BTCUSDT,REJECT_EDGE_TOO_LOW,"Score 9.6 < 11.8 (p95=8.7, p99=11.9)",
1704381600.0,BTCUSDT,REJECT_EDGE_TOO_LOW,"Score 9.5 < 11.8 (p95=8.7, p99=11.9)",
1704381660.0,BTCUSDT,REJECT_EDGE_TOO_LOW,"Score 8.5 < 11.8 (p95=8.7, p99=11.9)",
1704381720.0,BTCUSDT,REJECT_EDGE_TOO_LOW,"Score 8.0 < 11.8 (p95=8.7, p99=11.9)",
1704381780.0,BTCUSDT,REJECT_EDGE_TOO_LOW,"Score 7.5 < 11.8 (p95=8.7, p99=11.9)",
1704381840.0,BTCUSDT,REJECT_EDGE_TOO_LOW,"Score 6.9 < 11.8 (p95=8.7, p99=11.9)",
1704381900.0,BTCUSDT,REJECT_EDGE_TOO_LOW,"Score 7.5 < 11.8 (p95=8.7, p99=11.9)",
1704381960.0,BTCUSDT,REJECT_EDGE_TOO_LOW,"Score 7.4 < 11.8 (p95=8.7, p99=11.9)",
1704382020.0,BTCUSDT,REJECT_EDGE_TOO_LOW,"Score 7.8 < 11.8 (p95=8.7, p99=11.9)",
1704382080.0,BTCUSDT,REJECT_EDGE_TOO_LOW,"Score 10.2 < 11.8 (p95=8.7, p99=11.9)",
1704382140.0,BTCUSDT,REJECT_EDGE_TOO_LOW,"Score 10.9 < 11.8 (p95=8.8, p99=11.9)",
1704382440.0,BTCUSDT,Mode Block,Max Total DD Hit: 13.1%,
1704382500.0,BTCUSDT,Mode Block,Max Total DD Hit: 13.0%,
1704382560.0,BTCUSDT,Mode Block,Max Total DD Hit: 13.0%,
1704382620.0,BTCUSDT,Mode Block,Max Total DD Hit: 13.0%,
1704382680.0,BTCUSDT,Mode Block,Max Total DD Hit: 13.0%,
1704382740.0,BTCUSDT,Mode Block,Max Total DD Hit: 13.0%,
1704382800.0,BTCUSDT,Mode Block,Max Total DD Hit: 13.1%,
1704382980.0,BTCUSDT,Mode Block,Max Total DD Hit: 13.0%,
1704383040.0,BTCUSDT,Mode Block,Max Total DD Hit: 13.0%,
1704389160.0,BTCUSDT,Mode Block,Max Total DD Hit: 13.0%,
1704390360.0,BTCUSDT,Mode Block,Max Total DD Hit: 13.1%,
1704390420.0,BTCUSDT,Mode Block,Max Total DD Hit: 13.1%,
1704390540.0,BTCUSDT,Mode Block,Max Total DD Hit: 13.1%,
1704390600.0,BTCUSDT,Mode Block,Max Total DD Hit: 13.1%,
1704395100.0,BTCUSDT,Mode Block,Max Total DD Hit: 13.0%,
1704395220.0,BTCUSDT,Mode Block,Max Total DD Hit: 13.0%,
1704395520.0,BTCUSDT,Mode Block,Max Total DD Hit: 13.0%,
1704395580.0,BTCUSDT,Mode Block,Max Total DD Hit: 13.0%,
1704395640.0,BTCUSDT,Mode Block,Max Total DD Hit: 13.0%,
1704395700.0,BTCUSDT,Mode Block,Max Total DD Hit: 13.0%,
1704395760.0,BTCUSDT,Mode Block,Max Total DD Hit: 13.0%,
1704395820.0,BTCUSDT,Mode Block,Max Total DD Hit: 13.0%,
1704395880.0,BTCUSDT,Mode Block,Max Total DD Hit: 13.0%,
1704395940.0,BTCUSDT,Mode Block,Max Total DD Hit: 13.0%,
1704396000.0,BTCUSDT,Mode Block,Max Total DD Hit: 13.0%,
1704396060.0,BTCUSDT,Mode Block,Max Total DD Hit: 13.0%,
1704396120.0,BTCUSDT,Mode Block,Max Total DD Hit: 13.0%,
1704396180.0,BTCUSDT,Mode Block,Max Total DD Hit: 13.0%,
1704396240.0,BTCUSDT,Mode Block,Max Total DD Hit: 13.0%,
1704396300.0,BTCUSDT,Mode Block,Max Total DD Hit: 13.0%,
1704396360.0,BTCUSDT,Mode Block,Max Total DD Hit: 13.0%,
1704396420.0,BTCUSDT,Mode Block,Max Total DD Hit: 13.0%,
1704396480.0,BTCUSDT,Mode Block,Max Total DD Hit: 13.0%,
1704396540.0,BTCUSDT,Mode Block,Max Total DD Hit: 13.0%,
1704396600.0,BTCUSDT,Mode Block,Max Total DD Hit: 13.0%,
1704396660.0,BTCUSDT,Mode Block,Max Total DD Hit: 13.0%,
1704396720.0,BTCUSDT,Mode Block,Max Total DD Hit: 13.0%,
1704397140.0,BTCUSDT,Mode Block,Max Total DD Hit: 13.0%,
1704397200.0,BTCUSDT,Mode Block,Max Total DD Hit: 13.0%,
1704397440.0,BTCUSDT,Mode Block,Max Total DD Hit: 13.0%,
1704397740.0,BTCUSDT,Mode Block,Max Total DD Hit: 13.1%,
1704397920.0,BTCUSDT,Mode Block,Max Total DD Hit: 13.1%,
1704397980.0,BTCUSDT,Mode Block,Max Total DD Hit: 13.1%,
1704398100.0,BTCUSDT,Mode Block,Max Total DD Hit: 13.1%,
1704398280.0,BTCUSDT,Mode Block,Max Total DD Hit: 13.1%,
1704398340.0,BTCUSDT,Mode Block,Max Total DD Hit: 13.1%,
1704398460.0,BTCUSDT,Mode Block,Max Total DD Hit: 13.1%,
1704398760.0,BTCUSDT,Mode Block,Max Total DD Hit: 13.1%,
1704398940.0,BTCUSDT,Mode Block,Max Total DD Hit: 13.1%,
1704399000.0,BTCUSDT,Mode Block,Max Total DD Hit: 13.1%,
1704399060.0,BTCUSDT,Mode Block,Max Total DD Hit: 13.1%,
1704400620.0,BTCUSDT,Mode Block,Max Total DD Hit: 13.0%,
1704400680.0,BTCUSDT,Mode Block,Max Total DD Hit: 12.9%,
1704400740.0,BTCUSDT,Mode Block,Max Total DD Hit: 13.0%,
1704400800.0,BTCUSDT,Mode Block,Max Total DD Hit: 13.0%,
1704400860.0,BTCUSDT,Mode Block,Max Total DD Hit: 13.0%,
1704400920.0,BTCUSDT,Mode Block,Max Total DD Hit: 13.0%,
1704400980.0,BTCUSDT,Mode Block,Max Total DD Hit: 13.0%,
1704401040.0,BTCUSDT,Mode Block,Max Total DD Hit: 13.0%,
1704401100.0,BTCUSDT,Mode Block,Max Total DD Hit: 13.0%,
1704401160.0,BTCUSDT,Mode Block,Max Total DD Hit: 13.0%,
1704401220.0,BTCUSDT,Mode Block,Max Total DD Hit: 13.0%,
1704401280.0,BTCUSDT,Mode Block,Max Total DD Hit: 13.0%,
