Timestamp,Equity,Profile,Risk,LevCap,Mode,DD,WinRate20
1704067260.0,30.0,SMALL,0.02,3.0,NORMAL,0.0,0.0
1704067320.0,30.0,SMALL,0.02,3.0,NORMAL,0.0,0.0
1704067380.0,30.0,SMALL,0.02,3.0,NORMAL,0.0,0.0
1704067440.0,30.0,SMALL,0.02,3.0,NORMAL,0.0,0.0
1704067500.0,30.0,SMALL,0.02,3.0,NORMAL,0.0,0.0
1704067560.0,30.0,SMALL,0.02,3.0,NORMAL,0.0,0.0
1704067620.0,30.0,SMALL,0.02,3.0,NORMAL,0.0,0.0
1704067680.0,30.0,SMALL,0.02,3.0,NORMAL,0.0,0.0
1704067740.0,30.0,SMALL,0.02,3.0,NORMAL,0.0,0.0
1704067800.0,30.0,SMALL,0.02,3.0,NORMAL,0.0,0.0
1704067860.0,30.0,SMALL,0.02,3.0,NORMAL,0.0,0.0
1704067920.0,30.0,SMALL,0.02,3.0,NORMAL,0.0,0.0
1704067980.0,30.0,SMALL,0.02,3.0,NORMAL,0.0,0.0
1704068040.0,30.0,SMALL,0.02,3.0,NORMAL,0.0,0.0
1704068100.0,30.0,SMALL,0.02,3.0,NORMAL,0.0,0.0
1704068160.0,30.0,SMALL,0.02,3.0,NORMAL,0.0,0.0
1704068220.0,30.0,SMALL,0.02,3.0,NORMAL,0.0,0.0
1704068280.0,30.0,SMALL,0.02,3.0,NORMAL,0.0,0.0
1704068340.0,30.0,SMALL,0.02,3.0,NORMAL,0.0,0.0
1704068400.0,30.0,SMALL,0.02,3.0,NORMAL,0.0,0.0
1704068460.0,30.0,SMALL,0.02,3.0,NORMAL,0.0,0.0
1704068520.0,30.0,SMALL,0.02,3.0,NORMAL,0.0,0.0
1704068580.0,30.0,SMALL,0.02,3.0,NORMAL,0.0,0.0
1704068640.0,30.0,SMALL,0.02,3.0,NORMAL,0.0,0.0
1704068700.0,30.0,SMALL,0.02,3.0,NORMAL,0.0,0.0
1704068760.0,30.0,SMALL,0.02,3.0,NORMAL,0.0,0.0
1704068820.0,30.0,SMALL,0.02,3.0,NORMAL,0.0,0.0
1704068880.0,30.0,SMALL,0.02,3.0,NORMAL,0.0,0.0
1704068940.0,30.0,SMALL,0.02,3.0,NORMAL,0.0,0.0
1704069000.0,30.0,SMALL,0.02,3.0,NORMAL,0.0,0.0
1704069060.0,30.0,SMALL,0.02,3.0,NORMAL,0.0,0.0
1704069120.0,30.0,SMALL,0.02,3.0,NORMAL,0.0,0.0
1704069180.0,30.0,SMALL,0.02,3.0,NORMAL,0.0,0.0
1704069240.0,30.0,SMALL,0.02,3.0,NORMAL,0.0,0.0
1704069300.0,30.0,SMALL,0.02,3.0,NORMAL,0.0,0.0
1704069360.0,30.0,SMALL,0.02,3.0,NORMAL,0.0,0.0
1704069420.0,30.0,SMALL,0.02,3.0,NORMAL,0.0,0.0
1704069480.0,30.0,SMALL,0.02,3.0,NORMAL,0.0,0.0
1704069540.0,30.0,SMALL,0.02,3.0,NORMAL,0.0,0.0
1704069600.0,30.0,SMALL,0.02,3.0,NORMAL,0.0,0.0
1704069660.0,30.0,SMALL,0.02,3.0,NORMAL,0.0,0.0
1704069720.0,30.0,SMALL,0.02,3.0,NORMAL,0.0,0.0
1704069780.0,30.0,SMALL,0.02,3.0,NORMAL,0.0,0.0
1704069840.0,30.0,SMALL,0.02,3.0,NORMAL,0.0,0.0
1704069900.0,30.0,SMALL,0.02,3.0,NORMAL,0.0,0.0
1704069960.0,30.0,SMALL,0.02,3.0,NORMAL,0.0,0.0
1704070020.0,30.0,SMALL,0.02,3.0,NORMAL,0.0,0.0
1704070080.0,30.0,SMALL,0.02,3.0,NORMAL,0.0,0.0
1704070140.0,30.0,SMALL,0.02,3.0,NORMAL,0.0,0.0
1704070200.0,30.0,SMALL,0.02,3.0,NORMAL,0.0,0.0
1704070260.0,30.0,SMALL,0.02,3.0,NORMAL,0.0,0.0
1704070320.0,30.0,SMALL,0.02,3.0,NORMAL,0.0,0.0
1704070380.0,30.0,SMALL,0.02,3.0,NORMAL,0.0,0.0
1704070440.0,30.0,SMALL,0.02,3.0,NORMAL,0.0,0.0
1704070500.0,30.0,SMALL,0.02,3.0,NORMAL,0.0,0.0
1704070560.0,30.0,SMALL,0.02,3.0,NORMAL,0.0,0.0
1704070620.0,30.0,SMALL,0.02,3.0,NORMAL,0.0,0.0
1704070680.0,30.0,SMALL,0.02,3.0,NORMAL,0.0,0.0
1704070740.0,30.0,SMALL,0.02,3.0,NORMAL,0.0,0.0
1704070800.0,30.0,SMALL,0.02,3.0,NORMAL,0.0,0.0
1704070860.0,30.0,SMALL,0.02,3.0,NORMAL,0.0,0.0
1704070920.0,30.0,SMALL,0.02,3.0,NORMAL,0.0,0.0
1704070980.0,30.0,SMALL,0.02,3.0,NORMAL,0.0,0.0
1704071040.0,30.0,SMALL,0.02,3.0,NORMAL,0.0,0.0
1704071100.0,30.0,SMALL,0.02,3.0,NORMAL,0.0,0.0
1704071160.0,30.0,SMALL,0.02,3.0,NORMAL,0.0,0.0
1704071220.0,30.0,SMALL,0.02,3.0,NORMAL,0.0,0.0
1704071280.0,30.0,SMALL,0.02,3.0,NORMAL,0.0,0.0
1704071340.0,30.0,SMALL,0.02,3.0,NORMAL,0.0,0.0
1704071400.0,30.0,SMALL,0.02,3.0,NORMAL,0.0,0.0
1704071460.0,30.0,SMALL,0.02,3.0,NORMAL,0.0,0.0
1704071520.0,30.0,SMALL,0.02,3.0,NORMAL,0.0,0.0
1704071580.0,30.0,SMALL,0.02,3.0,NORMAL,0.0,0.0
1704071640.0,30.0,SMALL,0.02,3.0,NORMAL,0.0,0.0
1704071700.0,30.0,SMALL,0.02,3.0,NORMAL,0.0,0.0
1704071760.0,30.0,SMALL,0.02,3.0,NORMAL,0.0,0.0
1704071820.0,30.0,SMALL,0.02,3.0,NORMAL,0.0,0.0
1704071880.0,30.0,SMALL,0.02,3.0,NORMAL,0.0,0.0
1704071940.0,30.0,SMALL,0.02,3.0,NORMAL,0.0,0.0
1704072000.0,30.0,SMALL,0.02,3.0,NORMAL,0.0,0.0
1704072060.0,30.0,SMALL,0.02,3.0,NORMAL,0.0,0.0
1704072120.0,30.0,SMALL,0.02,3.0,NORMAL,0.0,0.0
1704072180.0,30.0,SMALL,0.02,3.0,NORMAL,0.0,0.0
1704072240.0,30.0,SMALL,0.02,3.0,NORMAL,0.0,0.0
1704072300.0,30.0,SMALL,0.02,3.0,NORMAL,0.0,0.0
1704072360.0,30.0,SMALL,0.02,3.0,NORMAL,0.0,0.0
1704072420.0,30.0,SMALL,0.02,3.0,NORMAL,0.0,0.0
1704072480.0,30.0,SMALL,0.02,3.0,NORMAL,0.0,0.0
1704072540.0,30.0,SMALL,0.02,3.0,NORMAL,0.0,0.0
1704072600.0,30.0,SMALL,0.02,3.0,NORMAL,0.0,0.0
1704072660.0,30.0,SMALL,0.02,3.0,NORMAL,0.0,0.0
1704072720.0,30.0,SMALL,0.02,3.0,NORMAL,0.0,0.0
1704072780.0,30.0,SMALL,0.02,3.0,NORMAL,0.0,0.0
1704072840.0,30.0,SMALL,0.02,3.0,NORMAL,0.0,0.0
1704072900.0,30.0,SMALL,0.02,3.0,NORMAL,0.0,0.0
1704072960.0,30.0,SMALL,0.02,3.0,NORMAL,0.0,0.0
1704073020.0,30.0,SMALL,0.02,3.0,NORMAL,0.0,0.0
1704073080.0,30.0,SMALL,0.02,3.0,NORMAL,0.0,0.0
1704073140.0,30.0,SMALL,0.02,3.0,NORMAL,0.0,0.0
1704073200.0,29.9873808836092,SMALL,0.02,3.0,NORMAL,0.00042063721302660896,0.0
1704073260.0,30.042272883609204,SMALL,0.02,3.0,NORMAL,0.0,0.0
1704073320.0,30.097164883609203,SMALL,0.02,3.0,NORMAL,0.0,0.0
1704073380.0,30.1520568836092,SMALL,0.02,3.0,NORMAL,0.0,0.0
1704073440.0,30.206948883609204,SMALL,0.02,3.0,NORMAL,0.0,0.0
1704073500.0,30.261840883609203,SMALL,0.02,3.0,NORMAL,0.0,0.0
1704073560.0,30.316732883609202,SMALL,0.02,3.0,NORMAL,0.0,0.0
1704073620.0,30.371624883609204,SMALL,0.02,3.0,NORMAL,0.0,0.0
1704073680.0,30.426516883609203,SMALL,0.02,3.0,NORMAL,0.0,0.0
1704073740.0,30.481408883609202,SMALL,0.02,3.0,NORMAL,0.0,0.0
1704073800.0,30.536300883609204,SMALL,0.02,3.0,NORMAL,0.0,0.0
1704073860.0,30.591192883609203,SMALL,0.02,3.0,NORMAL,0.0,0.0
1704073920.0,30.646084883609202,SMALL,0.02,3.0,NORMAL,0.0,0.0
1704073980.0,30.700976883609204,SMALL,0.02,3.0,NORMAL,0.0,0.0
1704074040.0,30.755868883609203,SMALL,0.02,3.0,NORMAL,0.0,0.0
1704074100.0,30.810760883609202,SMALL,0.02,3.0,NORMAL,0.0,0.0
1704074160.0,30.865652883609204,SMALL,0.02,3.0,NORMAL,0.0,0.0
1704074220.0,30.920544883609203,SMALL,0.02,3.0,NORMAL,0.0,0.0
1704074280.0,30.975436883609202,SMALL,0.02,3.0,NORMAL,0.0,0.0
1704074340.0,31.030328883609204,SMALL,0.02,3.0,NORMAL,0.0,0.0
1704074400.0,31.085220883609203,SMALL,0.02,3.0,NORMAL,0.0,0.0
1704074460.0,31.140112883609202,SMALL,0.02,3.0,NORMAL,0.0,0.0
1704074520.0,31.195004883609204,SMALL,0.02,3.0,NORMAL,0.0,0.0
1704074580.0,31.249896883609203,SMALL,0.02,3.0,NORMAL,0.0,0.0
1704074640.0,31.304788883609202,SMALL,0.02,3.0,NORMAL,0.0,0.0
1704074700.0,31.359680883609204,SMALL,0.02,3.0,NORMAL,0.0,0.0
1704074760.0,31.414572883609203,SMALL,0.02,3.0,NORMAL,0.0,0.0
1704074820.0,31.469464883609202,SMALL,0.02,3.0,NORMAL,0.0,0.0
1704074880.0,31.524356883609205,SMALL,0.02,3.0,NORMAL,0.0,0.0
1704074940.0,31.579248883609203,SMALL,0.02,3.0,NORMAL,0.0,0.0
1704075000.0,31.634140883609202,SMALL,0.02,3.0,NORMAL,0.0,0.0
1704075060.0,31.689032883609205,SMALL,0.02,3.0,NORMAL,0.0,0.0
1704075120.0,31.743924883609203,SMALL,0.02,3.0,NORMAL,0.0,0.0
1704075180.0,31.711796469538033,SMALL,0.02,3.0,NORMAL,0.0010121122132493365,1.0
1704075240.0,31.711796469538033,SMALL,0.02,3.0,NORMAL,0.0010121122132493365,1.0
1704075300.0,31.711796469538033,SMALL,0.02,3.0,NORMAL,0.0010121122132493365,1.0
1704075360.0,31.711796469538033,SMALL,0.02,3.0,NORMAL,0.0010121122132493365,1.0
1704075420.0,31.711796469538033,SMALL,0.02,3.0,NORMAL,0.0010121122132493365,1.0
1704075480.0,31.701276173335334,SMALL,0.02,3.0,NORMAL,0.00134352353813347,1.0
1704075540.0,31.762119173335332,SMALL,0.02,3.0,NORMAL,0.0,1.0
1704075600.0,31.822962173335334,SMALL,0.02,3.0,NORMAL,0.0,1.0
1704075660.0,31.883805173335332,SMALL,0.02,3.0,NORMAL,0.0,1.0
1704075720.0,31.944648173335334,SMALL,0.02,3.0,NORMAL,0.0,1.0
1704075780.0,32.005491173335336,SMALL,0.02,3.0,NORMAL,0.0,1.0
1704075840.0,32.066334173335335,SMALL,0.02,3.0,NORMAL,0.0,1.0
1704075900.0,32.12717717333533,SMALL,0.02,3.0,NORMAL,0.0,1.0
1704075960.0,32.18802017333533,SMALL,0.02,3.0,NORMAL,0.0,1.0
1704076020.0,32.24886317333534,SMALL,0.02,3.0,NORMAL,0.0,1.0
1704076080.0,32.309706173335336,SMALL,0.02,3.0,NORMAL,0.0,1.0
1704076140.0,32.370549173335334,SMALL,0.02,3.0,NORMAL,0.0,1.0
1704076200.0,32.43139217333533,SMALL,0.02,3.0,NORMAL,0.0,1.0
1704076260.0,32.49223517333533,SMALL,0.02,3.0,NORMAL,0.0,1.0
1704076320.0,32.55307817333534,SMALL,0.02,3.0,NORMAL,0.0,1.0
1704076380.0,32.613921173335335,SMALL,0.02,3.0,NORMAL,0.0,1.0
1704076440.0,32.67476417333533,SMALL,0.02,3.0,NORMAL,0.0,1.0
1704076500.0,32.73560717333533,SMALL,0.02,3.0,NORMAL,0.0,1.0
1704076560.0,32.79645017333533,SMALL,0.02,3.0,NORMAL,0.0,1.0
1704076620.0,32.857293173335336,SMALL,0.02,3.0,NORMAL,0.0,1.0
1704076680.0,32.918136173335334,SMALL,0.02,3.0,NORMAL,0.0,1.0
1704076740.0,32.97897917333533,SMALL,0.02,3.0,NORMAL,0.0,1.0
1704076800.0,33.03982217333533,SMALL,0.02,3.0,NORMAL,0.0,1.0
1704076860.0,33.10066517333534,SMALL,0.02,3.0,NORMAL,0.0,1.0
1704076920.0,33.161508173335335,SMALL,0.02,3.0,NORMAL,0.0,1.0
1704076980.0,33.22235117333533,SMALL,0.02,3.0,NORMAL,0.0,1.0
1704077040.0,33.28319417333533,SMALL,0.02,3.0,NORMAL,0.0,1.0
1704077100.0,33.34403717333533,SMALL,0.02,3.0,NORMAL,0.0,1.0
1704077160.0,33.404880173335336,SMALL,0.02,3.0,NORMAL,0.0,1.0
1704077220.0,33.465723173335334,SMALL,0.02,3.0,NORMAL,0.0,1.0
1704077280.0,33.52656617333533,SMALL,0.02,3.0,NORMAL,0.0,1.0
1704077340.0,33.58740917333533,SMALL,0.02,3.0,NORMAL,0.0,1.0
1704077400.0,33.52126793179674,SMALL,0.02,3.0,AGGRESSIVE,0.0019692272540954734,1.0
1704077460.0,33.52126793179674,SMALL,0.02,3.0,AGGRESSIVE,0.0019692272540954734,1.0
1704077520.0,33.52126793179674,SMALL,0.02,3.0,AGGRESSIVE,0.0019692272540954734,1.0
1704077580.0,33.52126793179674,SMALL,0.02,3.0,AGGRESSIVE,0.0019692272540954734,1.0
1704077640.0,33.52126793179674,SMALL,0.02,3.0,AGGRESSIVE,0.0019692272540954734,1.0
1704077700.0,33.50937699841795,SMALL,0.02,3.0,AGGRESSIVE,0.002323256745248785,1.0
1704077760.0,33.61063899841795,SMALL,0.02,3.0,AGGRESSIVE,0.0,1.0
1704077820.0,33.711900998417946,SMALL,0.02,3.0,AGGRESSIVE,0.0,1.0
1704077880.0,33.81316299841795,SMALL,0.02,3.0,AGGRESSIVE,0.0,1.0
1704077940.0,33.91442499841795,SMALL,0.02,3.0,AGGRESSIVE,0.0,1.0
1704078000.0,34.01568699841795,SMALL,0.02,3.0,AGGRESSIVE,0.0,1.0
1704078060.0,34.116948998417946,SMALL,0.02,3.0,AGGRESSIVE,0.0,1.0
1704078120.0,34.21821099841795,SMALL,0.02,3.0,AGGRESSIVE,0.0,1.0
1704078180.0,34.31947299841795,SMALL,0.02,3.0,AGGRESSIVE,0.0,1.0
1704078240.0,34.42073499841795,SMALL,0.02,3.0,AGGRESSIVE,0.0,1.0
1704078300.0,34.52199699841795,SMALL,0.02,3.0,AGGRESSIVE,0.0,1.0
1704078360.0,34.62325899841795,SMALL,0.02,3.0,AGGRESSIVE,0.0,1.0
1704078420.0,34.72452099841795,SMALL,0.02,3.0,AGGRESSIVE,0.0,1.0
1704078480.0,34.82578299841795,SMALL,0.02,3.0,AGGRESSIVE,0.0,1.0
1704078540.0,34.92704499841795,SMALL,0.02,3.0,AGGRESSIVE,0.0,1.0
1704078600.0,35.028306998417946,SMALL,0.02,3.0,AGGRESSIVE,0.0,1.0
1704078660.0,35.12956899841795,SMALL,0.02,3.0,AGGRESSIVE,0.0,1.0
1704078720.0,35.23083099841795,SMALL,0.02,3.0,AGGRESSIVE,0.0,1.0
1704078780.0,35.33209299841795,SMALL,0.02,3.0,AGGRESSIVE,0.0,1.0
1704078840.0,35.43335499841795,SMALL,0.02,3.0,AGGRESSIVE,0.0,1.0
1704078900.0,35.534616998417945,SMALL,0.02,3.0,AGGRESSIVE,0.0,1.0
1704078960.0,35.63587899841795,SMALL,0.02,3.0,AGGRESSIVE,0.0,1.0
1704079020.0,35.73714099841795,SMALL,0.02,3.0,AGGRESSIVE,0.0,1.0
1704079080.0,35.83840299841795,SMALL,0.02,3.0,AGGRESSIVE,0.0,1.0
1704079140.0,35.939664998417946,SMALL,0.02,3.0,AGGRESSIVE,0.0,1.0
1704079200.0,36.04092699841795,SMALL,0.02,3.0,AGGRESSIVE,0.0,1.0
1704079260.0,36.14218899841795,SMALL,0.02,3.0,AGGRESSIVE,0.0,1.0
1704079320.0,36.24345099841795,SMALL,0.02,3.0,AGGRESSIVE,0.0,1.0
1704079380.0,36.34471299841795,SMALL,0.02,3.0,AGGRESSIVE,0.0,1.0
1704079440.0,36.44597499841795,SMALL,0.02,3.0,AGGRESSIVE,0.0,1.0
1704079500.0,36.3903479030783,SMALL,0.02,3.0,AGGRESSIVE,0.0015262891263594048,1.0
1704079560.0,36.3903479030783,SMALL,0.02,3.0,AGGRESSIVE,0.0015262891263594048,1.0
1704079620.0,36.3903479030783,SMALL,0.02,3.0,AGGRESSIVE,0.0015262891263594048,1.0
1704079680.0,36.3903479030783,SMALL,0.02,3.0,AGGRESSIVE,0.0015262891263594048,1.0
1704079740.0,36.3903479030783,SMALL,0.02,3.0,AGGRESSIVE,0.0015262891263594048,1.0
1704079800.0,36.38285673617045,SMALL,0.02,3.0,AGGRESSIVE,0.0017318308057402592,1.0
1704079860.0,36.498203236170454,SMALL,0.02,3.0,AGGRESSIVE,0.0,1.0
1704079920.0,36.613549736170455,SMALL,0.02,3.0,AGGRESSIVE,0.0,1.0
1704079980.0,36.728896236170456,SMALL,0.02,3.0,AGGRESSIVE,0.0,1.0
1704080040.0,36.84424273617046,SMALL,0.02,3.0,AGGRESSIVE,0.0,1.0
1704080100.0,36.95958923617046,SMALL,0.02,3.0,AGGRESSIVE,0.0,1.0
1704080160.0,37.07493573617046,SMALL,0.02,3.0,AGGRESSIVE,0.0,1.0
1704080220.0,37.190282236170454,SMALL,0.02,3.0,AGGRESSIVE,0.0,1.0
1704080280.0,37.305628736170455,SMALL,0.02,3.0,AGGRESSIVE,0.0,1.0
1704080340.0,37.420975236170456,SMALL,0.02,3.0,AGGRESSIVE,0.0,1.0
1704080400.0,37.53632173617046,SMALL,0.02,3.0,AGGRESSIVE,0.0,1.0
1704080460.0,37.65166823617046,SMALL,0.02,3.0,AGGRESSIVE,0.0,1.0
1704080520.0,37.76701473617046,SMALL,0.02,3.0,AGGRESSIVE,0.0,1.0
1704080580.0,37.88236123617045,SMALL,0.02,3.0,AGGRESSIVE,0.0,1.0
1704080640.0,37.997707736170454,SMALL,0.02,3.0,AGGRESSIVE,0.0,1.0
1704080700.0,38.113054236170456,SMALL,0.02,3.0,AGGRESSIVE,0.0,1.0
1704080760.0,38.22840073617046,SMALL,0.02,3.0,AGGRESSIVE,0.0,1.0
1704080820.0,38.34374723617046,SMALL,0.02,3.0,AGGRESSIVE,0.0,1.0
1704080880.0,38.45909373617046,SMALL,0.02,3.0,AGGRESSIVE,0.0,1.0
1704080940.0,38.57444023617046,SMALL,0.02,3.0,AGGRESSIVE,0.0,1.0
1704081000.0,38.689786736170454,SMALL,0.02,3.0,AGGRESSIVE,0.0,1.0
1704081060.0,38.805133236170455,SMALL,0.02,3.0,AGGRESSIVE,0.0,1.0
1704081120.0,38.920479736170456,SMALL,0.02,3.0,AGGRESSIVE,0.0,1.0
1704081180.0,39.03582623617046,SMALL,0.02,3.0,AGGRESSIVE,0.0,1.0
1704081240.0,39.15117273617046,SMALL,0.02,3.0,AGGRESSIVE,0.0,1.0
1704081300.0,39.26651923617045,SMALL,0.02,3.0,AGGRESSIVE,0.0,1.0
1704081360.0,39.381865736170454,SMALL,0.02,3.0,AGGRESSIVE,0.0,1.0
1704081420.0,39.497212236170455,SMALL,0.02,3.0,AGGRESSIVE,0.0,1.0
1704081480.0,39.612558736170456,SMALL,0.02,3.0,AGGRESSIVE,0.0,1.0
1704081540.0,39.504991768866915,SMALL,0.02,3.0,AGGRESSIVE,0.0027154763725303266,1.0
1704081600.0,39.504991768866915,SMALL,0.02,3.0,AGGRESSIVE,0.0027154763725303266,1.0
1704081660.0,39.504991768866915,SMALL,0.02,3.0,AGGRESSIVE,0.0027154763725303266,1.0
1704081720.0,39.504991768866915,SMALL,0.02,3.0,AGGRESSIVE,0.0027154763725303266,1.0
1704081780.0,39.504991768866915,SMALL,0.02,3.0,AGGRESSIVE,0.0027154763725303266,1.0
1704081840.0,39.503155569588415,SMALL,0.02,3.0,AGGRESSIVE,0.0027618303404910905,1.0
1704081900.0,39.634670569588415,SMALL,0.02,3.0,AGGRESSIVE,0.0,1.0
1704081960.0,39.766185569588416,SMALL,0.02,3.0,AGGRESSIVE,0.0,1.0
1704082020.0,39.897700569588416,SMALL,0.02,3.0,AGGRESSIVE,0.0,1.0
1704082080.0,40.029215569588416,SMALL,0.02,3.0,AGGRESSIVE,0.0,1.0
1704082140.0,40.16073056958842,SMALL,0.02,3.0,AGGRESSIVE,0.0,1.0
1704082200.0,40.29224556958842,SMALL,0.02,3.0,AGGRESSIVE,0.0,1.0
1704082260.0,40.42376056958842,SMALL,0.02,3.0,AGGRESSIVE,0.0,1.0
1704082320.0,40.55527556958842,SMALL,0.02,3.0,AGGRESSIVE,0.0,1.0
1704082380.0,40.68679056958842,SMALL,0.02,3.0,AGGRESSIVE,0.0,1.0
1704082440.0,40.81830556958842,SMALL,0.02,3.0,AGGRESSIVE,0.0,1.0
1704082500.0,40.94982056958842,SMALL,0.02,3.0,AGGRESSIVE,0.0,1.0
1704082560.0,41.08133556958842,SMALL,0.02,3.0,AGGRESSIVE,0.0,1.0
1704082620.0,41.21285056958842,SMALL,0.02,3.0,AGGRESSIVE,0.0,1.0
1704082680.0,41.34436556958842,SMALL,0.02,3.0,AGGRESSIVE,0.0,1.0
1704082740.0,41.47588056958841,SMALL,0.02,3.0,AGGRESSIVE,0.0,1.0
1704082800.0,41.60739556958841,SMALL,0.02,3.0,AGGRESSIVE,0.0,1.0
1704082860.0,41.73891056958841,SMALL,0.02,3.0,AGGRESSIVE,0.0,1.0
1704082920.0,41.87042556958841,SMALL,0.02,3.0,AGGRESSIVE,0.0,1.0
1704082980.0,42.00194056958841,SMALL,0.02,3.0,AGGRESSIVE,0.0,1.0
1704083040.0,42.13345556958841,SMALL,0.02,3.0,AGGRESSIVE,0.0,1.0
1704083100.0,42.264970569588414,SMALL,0.02,3.0,AGGRESSIVE,0.0,1.0
1704083160.0,42.396485569588414,SMALL,0.02,3.0,AGGRESSIVE,0.0,1.0
1704083220.0,42.528000569588414,SMALL,0.02,3.0,AGGRESSIVE,0.0,1.0
1704083280.0,42.659515569588415,SMALL,0.02,3.0,AGGRESSIVE,0.0,1.0
1704083340.0,42.791030569588415,SMALL,0.02,3.0,AGGRESSIVE,0.0,1.0
1704083400.0,42.922545569588415,SMALL,0.02,3.0,AGGRESSIVE,0.0,1.0
1704083460.0,42.88621436356105,SMALL,0.02,3.0,AGGRESSIVE,0.0008464364250824935,1.0
1704083520.0,42.88621436356105,SMALL,0.02,3.0,AGGRESSIVE,0.0008464364250824935,1.0
1704083580.0,42.88621436356105,SMALL,0.02,3.0,AGGRESSIVE,0.0008464364250824935,1.0
1704083640.0,42.88621436356105,SMALL,0.02,3.0,AGGRESSIVE,0.0008464364250824935,1.0
1704083700.0,42.88621436356105,SMALL,0.02,3.0,AGGRESSIVE,0.0008464364250824935,1.0
1704083760.0,42.8913130345444,SMALL,0.02,3.0,AGGRESSIVE,0.0007276487130376736,1.0
1704083820.0,43.0411765345444,SMALL,0.02,3.0,AGGRESSIVE,0.0,1.0
1704083880.0,43.1910400345444,SMALL,0.02,3.0,AGGRESSIVE,0.0,1.0
1704083940.0,43.3409035345444,SMALL,0.02,3.0,AGGRESSIVE,0.0,1.0
1704084000.0,43.4907670345444,SMALL,0.02,3.0,AGGRESSIVE,0.0,1.0
1704084060.0,43.6406305345444,SMALL,0.02,3.0,AGGRESSIVE,0.0,1.0
1704084120.0,43.7904940345444,SMALL,0.02,3.0,AGGRESSIVE,0.0,1.0
1704084180.0,43.940357534544404,SMALL,0.02,3.0,AGGRESSIVE,0.0,1.0
1704084240.0,44.0902210345444,SMALL,0.02,3.0,AGGRESSIVE,0.0,1.0
1704084300.0,44.2400845345444,SMALL,0.02,3.0,AGGRESSIVE,0.0,1.0
1704084360.0,44.3899480345444,SMALL,0.02,3.0,AGGRESSIVE,0.0,1.0
1704084420.0,44.5398115345444,SMALL,0.02,3.0,AGGRESSIVE,0.0,1.0
1704084480.0,44.6896750345444,SMALL,0.02,3.0,AGGRESSIVE,0.0,1.0
1704084540.0,44.8395385345444,SMALL,0.02,3.0,AGGRESSIVE,0.0,1.0
1704084600.0,44.9894020345444,SMALL,0.02,3.0,AGGRESSIVE,0.0,1.0
1704084660.0,45.1392655345444,SMALL,0.02,3.0,AGGRESSIVE,0.0,1.0
1704084720.0,45.2891290345444,SMALL,0.02,3.0,AGGRESSIVE,0.0,1.0
1704084780.0,45.4389925345444,SMALL,0.02,3.0,AGGRESSIVE,0.0,1.0
1704084840.0,45.5888560345444,SMALL,0.02,3.0,AGGRESSIVE,0.0,1.0
1704084900.0,45.7387195345444,SMALL,0.02,3.0,AGGRESSIVE,0.0,1.0
1704084960.0,45.8885830345444,SMALL,0.02,3.0,AGGRESSIVE,0.0,1.0
1704085020.0,46.0384465345444,SMALL,0.02,3.0,AGGRESSIVE,0.0,1.0
1704085080.0,46.1883100345444,SMALL,0.02,3.0,AGGRESSIVE,0.0,1.0
1704085140.0,46.3381735345444,SMALL,0.02,3.0,AGGRESSIVE,0.0,1.0
1704085200.0,46.4880370345444,SMALL,0.02,3.0,AGGRESSIVE,0.0,1.0
1704085260.0,46.6379005345444,SMALL,0.02,3.0,AGGRESSIVE,0.0,1.0
1704085320.0,46.556838350720426,SMALL,0.02,3.0,AGGRESSIVE,0.0017381182020389566,1.0
1704085380.0,46.556838350720426,SMALL,0.02,3.0,AGGRESSIVE,0.0017381182020389566,1.0
1704085440.0,46.556838350720426,SMALL,0.02,3.0,AGGRESSIVE,0.0017381182020389566,1.0
1704085500.0,46.556838350720426,SMALL,0.02,3.0,AGGRESSIVE,0.0017381182020389566,1.0
1704085560.0,46.556838350720426,SMALL,0.02,3.0,AGGRESSIVE,0.0017381182020389566,1.0
1704085620.0,46.570598136259434,SMALL,0.02,3.0,AGGRESSIVE,0.001443083790513151,1.0
1704085680.0,46.741513136259435,SMALL,0.02,3.0,AGGRESSIVE,0.0,1.0
1704085740.0,46.91242813625943,SMALL,0.02,3.0,AGGRESSIVE,0.0,1.0
1704085800.0,47.08334313625943,SMALL,0.02,3.0,AGGRESSIVE,0.0,1.0
1704085860.0,47.25425813625943,SMALL,0.02,3.0,AGGRESSIVE,0.0,1.0
1704085920.0,47.42517313625943,SMALL,0.02,3.0,AGGRESSIVE,0.0,1.0
1704085980.0,47.59608813625943,SMALL,0.02,3.0,AGGRESSIVE,0.0,1.0
1704086040.0,47.76700313625943,SMALL,0.02,3.0,AGGRESSIVE,0.0,1.0
1704086100.0,47.937918136259434,SMALL,0.02,3.0,AGGRESSIVE,0.0,1.0
1704086160.0,48.108833136259435,SMALL,0.02,3.0,AGGRESSIVE,0.0,1.0
1704086220.0,48.279748136259435,SMALL,0.02,3.0,AGGRESSIVE,0.0,1.0
1704086280.0,48.45066313625943,SMALL,0.02,3.0,AGGRESSIVE,0.0,1.0
1704086340.0,48.62157813625943,SMALL,0.02,3.0,AGGRESSIVE,0.0,1.0
1704086400.0,48.79249313625943,SMALL,0.02,3.0,AGGRESSIVE,0.0,1.0
1704086460.0,48.96340813625943,SMALL,0.02,3.0,AGGRESSIVE,0.0,1.0
1704086520.0,49.13432313625943,SMALL,0.02,3.0,AGGRESSIVE,0.0,1.0
1704086580.0,49.30523813625943,SMALL,0.02,3.0,AGGRESSIVE,0.0,1.0
1704086640.0,49.476153136259434,SMALL,0.02,3.0,AGGRESSIVE,0.0,1.0
1704086700.0,49.647068136259435,SMALL,0.02,3.0,AGGRESSIVE,0.0,1.0
1704086760.0,49.81798313625943,SMALL,0.02,3.0,AGGRESSIVE,0.0,1.0
1704086820.0,49.98889813625943,SMALL,0.02,3.0,AGGRESSIVE,0.0,1.0
1704086880.0,50.15981313625943,SMALL,0.02,3.0,AGGRESSIVE,0.0,1.0
1704086940.0,50.33072813625943,SMALL,0.02,3.0,AGGRESSIVE,0.0,1.0
1704087000.0,50.50164313625943,SMALL,0.02,3.0,AGGRESSIVE,0.0,1.0
1704087060.0,50.67255813625943,SMALL,0.02,3.0,AGGRESSIVE,0.0,1.0
1704087120.0,50.54163012525687,SMALL,0.02,3.0,AGGRESSIVE,0.0025838050380344304,1.0
1704087180.0,50.54163012525687,SMALL,0.02,3.0,AGGRESSIVE,0.0025838050380344304,1.0
1704087240.0,50.54163012525687,SMALL,0.02,3.0,AGGRESSIVE,0.0025838050380344304,1.0
1704087300.0,50.54163012525687,SMALL,0.02,3.0,AGGRESSIVE,0.0025838050380344304,1.0
1704087360.0,50.54163012525687,SMALL,0.02,3.0,AGGRESSIVE,0.0025838050380344304,1.0
1704087420.0,50.56611203051768,SMALL,0.02,3.0,AGGRESSIVE,0.0021006657184252995,1.0
1704087480.0,50.761200030517685,SMALL,0.02,3.0,AGGRESSIVE,0.0,1.0
1704087540.0,50.95628803051768,SMALL,0.02,3.0,AGGRESSIVE,0.0,1.0
1704087600.0,51.15137603051768,SMALL,0.02,3.0,AGGRESSIVE,0.0,1.0
1704087660.0,51.34646403051768,SMALL,0.02,3.0,AGGRESSIVE,0.0,1.0
1704087720.0,51.541552030517686,SMALL,0.02,3.0,AGGRESSIVE,0.0,1.0
1704087780.0,51.736640030517684,SMALL,0.02,3.0,AGGRESSIVE,0.0,1.0
1704087840.0,51.93172803051768,SMALL,0.02,3.0,AGGRESSIVE,0.0,1.0
1704087900.0,52.12681603051768,SMALL,0.02,3.0,AGGRESSIVE,0.0,1.0
1704087960.0,52.321904030517686,SMALL,0.02,3.0,AGGRESSIVE,0.0,1.0
1704088020.0,52.516992030517684,SMALL,0.02,3.0,AGGRESSIVE,0.0,1.0
1704088080.0,52.71208003051768,SMALL,0.02,3.0,AGGRESSIVE,0.0,1.0
1704088140.0,52.90716803051768,SMALL,0.02,3.0,AGGRESSIVE,0.0,1.0
1704088200.0,53.10225603051768,SMALL,0.02,3.0,AGGRESSIVE,0.0,1.0
1704088260.0,53.297344030517685,SMALL,0.02,3.0,AGGRESSIVE,0.0,1.0
1704088320.0,53.49243203051768,SMALL,0.02,3.0,AGGRESSIVE,0.0,1.0
1704088380.0,53.68752003051768,SMALL,0.02,3.0,AGGRESSIVE,0.0,1.0
1704088440.0,53.88260803051768,SMALL,0.02,3.0,AGGRESSIVE,0.0,1.0
1704088500.0,54.077696030517686,SMALL,0.02,3.0,AGGRESSIVE,0.0,1.0
1704088560.0,54.272784030517684,SMALL,0.02,3.0,AGGRESSIVE,0.0,1.0
1704088620.0,54.46787203051768,SMALL,0.02,3.0,AGGRESSIVE,0.0,1.0
1704088680.0,54.66296003051768,SMALL,0.02,3.0,AGGRESSIVE,0.0,1.0
1704088740.0,54.85804803051768,SMALL,0.02,3.0,AGGRESSIVE,0.0,1.0
1704088800.0,55.053136030517685,SMALL,0.02,3.0,AGGRESSIVE,0.0,1.0
1704088860.0,54.867479352304045,SMALL,0.02,3.0,AGGRESSIVE,0.0033723179386315866,1.0
1704088920.0,54.867479352304045,SMALL,0.02,3.0,AGGRESSIVE,0.0033723179386315866,1.0
1704088980.0,54.867479352304045,SMALL,0.02,3.0,AGGRESSIVE,0.0033723179386315866,1.0
1704089040.0,54.867479352304045,SMALL,0.02,3.0,AGGRESSIVE,0.0033723179386315866,1.0
1704089100.0,54.867479352304045,SMALL,0.02,3.0,AGGRESSIVE,0.0033723179386315866,1.0
1704089160.0,54.90513894062684,SMALL,0.02,3.0,AGGRESSIVE,0.0026882590268573242,1.0
1704089220.0,55.12800694062685,SMALL,0.02,3.0,AGGRESSIVE,0.0,1.0
1704089280.0,55.350874940626845,SMALL,0.02,3.0,AGGRESSIVE,0.0,1.0
1704089340.0,55.57374294062684,SMALL,0.02,3.0,AGGRESSIVE,0.0,1.0
1704089400.0,55.79661094062684,SMALL,0.02,3.0,AGGRESSIVE,0.0,1.0
1704089460.0,56.01947894062685,SMALL,0.02,3.0,AGGRESSIVE,0.0,1.0
1704089520.0,56.242346940626845,SMALL,0.02,3.0,AGGRESSIVE,0.0,1.0
1704089580.0,56.46521494062684,SMALL,0.02,3.0,AGGRESSIVE,0.0,1.0
1704089640.0,56.68808294062684,SMALL,0.02,3.0,AGGRESSIVE,0.0,1.0
1704089700.0,56.91095094062685,SMALL,0.02,3.0,AGGRESSIVE,0.0,1.0
1704089760.0,57.133818940626846,SMALL,0.02,3.0,AGGRESSIVE,0.0,1.0
1704089820.0,57.356686940626844,SMALL,0.02,3.0,AGGRESSIVE,0.0,1.0
1704089880.0,57.57955494062684,SMALL,0.02,3.0,AGGRESSIVE,0.0,1.0
1704089940.0,57.80242294062684,SMALL,0.02,3.0,AGGRESSIVE,0.0,1.0
1704090000.0,58.025290940626846,SMALL,0.02,3.0,AGGRESSIVE,0.0,1.0
1704090060.0,58.248158940626844,SMALL,0.02,3.0,AGGRESSIVE,0.0,1.0
1704090120.0,58.47102694062684,SMALL,0.02,3.0,AGGRESSIVE,0.0,1.0
1704090180.0,58.69389494062684,SMALL,0.02,3.0,AGGRESSIVE,0.0,1.0
1704090240.0,58.916762940626846,SMALL,0.02,3.0,AGGRESSIVE,0.0,1.0
1704090300.0,59.139630940626844,SMALL,0.02,3.0,AGGRESSIVE,0.0,1.0
1704090360.0,59.36249894062684,SMALL,0.02,3.0,AGGRESSIVE,0.0,1.0
1704090420.0,59.58536694062684,SMALL,0.02,3.0,AGGRESSIVE,0.0,1.0
1704090480.0,59.563581597192744,SMALL,0.02,3.0,AGGRESSIVE,0.00036561566291610516,1.0
1704090540.0,59.563581597192744,SMALL,0.02,3.0,AGGRESSIVE,0.00036561566291610516,1.0
1704090600.0,59.563581597192744,SMALL,0.02,3.0,AGGRESSIVE,0.00036561566291610516,1.0
1704090660.0,59.563581597192744,SMALL,0.02,3.0,AGGRESSIVE,0.00036561566291610516,1.0
1704090720.0,59.563581597192744,SMALL,0.02,3.0,AGGRESSIVE,0.00036561566291610516,1.0
1704090780.0,59.61685531243514,SMALL,0.02,3.0,AGGRESSIVE,0.0,1.0
1704090840.0,59.87118931243514,SMALL,0.02,3.0,AGGRESSIVE,0.0,1.0
1704090900.0,60.12552331243514,SMALL,0.02,3.0,AGGRESSIVE,0.0,1.0
1704090960.0,60.37985731243514,SMALL,0.02,3.0,AGGRESSIVE,0.0,1.0
1704091020.0,60.63419131243514,SMALL,0.02,3.0,AGGRESSIVE,0.0,1.0
1704091080.0,60.88852531243514,SMALL,0.02,3.0,AGGRESSIVE,0.0,1.0
1704091140.0,61.14285931243514,SMALL,0.02,3.0,AGGRESSIVE,0.0,1.0
1704091200.0,61.39719331243514,SMALL,0.02,3.0,AGGRESSIVE,0.0,1.0
1704091260.0,61.65152731243514,SMALL,0.02,3.0,AGGRESSIVE,0.0,1.0
1704091320.0,61.90586131243514,SMALL,0.02,3.0,AGGRESSIVE,0.0,1.0
1704091380.0,62.16019531243514,SMALL,0.02,3.0,AGGRESSIVE,0.0,1.0
1704091440.0,62.41452931243514,SMALL,0.02,3.0,AGGRESSIVE,0.0,1.0
1704091500.0,62.66886331243514,SMALL,0.02,3.0,AGGRESSIVE,0.0,1.0
1704091560.0,62.92319731243514,SMALL,0.02,3.0,AGGRESSIVE,0.0,1.0
1704091620.0,63.17753131243514,SMALL,0.02,3.0,AGGRESSIVE,0.0,1.0
1704091680.0,63.43186531243514,SMALL,0.02,3.0,AGGRESSIVE,0.0,1.0
1704091740.0,63.68619931243514,SMALL,0.02,3.0,AGGRESSIVE,0.0,1.0
1704091800.0,63.94053331243514,SMALL,0.02,3.0,AGGRESSIVE,0.0,1.0
1704091860.0,64.19486731243514,SMALL,0.02,3.0,AGGRESSIVE,0.0,1.0
1704091920.0,64.44920131243514,SMALL,0.02,3.0,AGGRESSIVE,0.0,1.0
1704091980.0,64.70353531243514,SMALL,0.02,3.0,AGGRESSIVE,0.0,1.0
1704092040.0,64.66162032047585,SMALL,0.02,3.0,AGGRESSIVE,0.0006478006457744942,1.0
1704092100.0,64.66162032047585,SMALL,0.02,3.0,AGGRESSIVE,0.0006478006457744942,1.0
1704092160.0,64.66162032047585,SMALL,0.02,3.0,AGGRESSIVE,0.0006478006457744942,1.0
1704092220.0,64.66162032047585,SMALL,0.02,3.0,AGGRESSIVE,0.0006478006457744942,1.0
1704092280.0,64.66162032047585,SMALL,0.02,3.0,AGGRESSIVE,0.0006478006457744942,1.0
1704092340.0,64.73377671020616,SMALL,0.02,3.0,AGGRESSIVE,0.0,1.0
1704092400.0,65.02420221020616,SMALL,0.02,3.0,AGGRESSIVE,0.0,1.0
1704092460.0,65.31462771020615,SMALL,0.02,3.0,AGGRESSIVE,0.0,1.0
1704092520.0,65.60505321020615,SMALL,0.02,3.0,AGGRESSIVE,0.0,1.0
1704092580.0,65.89547871020615,SMALL,0.02,3.0,AGGRESSIVE,0.0,1.0
1704092640.0,66.18590421020616,SMALL,0.02,3.0,AGGRESSIVE,0.0,1.0
1704092700.0,66.47632971020616,SMALL,0.02,3.0,AGGRESSIVE,0.0,1.0
1704092760.0,66.76675521020616,SMALL,0.02,3.0,AGGRESSIVE,0.0,1.0
1704092820.0,67.05718071020615,SMALL,0.02,3.0,AGGRESSIVE,0.0,1.0
1704092880.0,67.34760621020615,SMALL,0.02,3.0,AGGRESSIVE,0.0,1.0
1704092940.0,67.63803171020615,SMALL,0.02,3.0,AGGRESSIVE,0.0,1.0
1704093000.0,67.92845721020616,SMALL,0.02,3.0,AGGRESSIVE,0.0,1.0
1704093060.0,68.21888271020616,SMALL,0.02,3.0,AGGRESSIVE,0.0,1.0
1704093120.0,68.50930821020616,SMALL,0.02,3.0,AGGRESSIVE,0.0,1.0
1704093180.0,68.79973371020616,SMALL,0.02,3.0,AGGRESSIVE,0.0,1.0
1704093240.0,69.09015921020615,SMALL,0.02,3.0,AGGRESSIVE,0.0,1.0
1704093300.0,69.38058471020615,SMALL,0.02,3.0,AGGRESSIVE,0.0,1.0
1704093360.0,69.67101021020615,SMALL,0.02,3.0,AGGRESSIVE,0.0,1.0
1704093420.0,69.96143571020616,SMALL,0.02,3.0,AGGRESSIVE,0.0,1.0
1704093480.0,70.25186121020616,SMALL,0.02,3.0,AGGRESSIVE,0.0,1.0
1704093540.0,70.19600209852325,SMALL,0.02,3.0,AGGRESSIVE,0.0007951264311100013,1.0
1704093600.0,70.19600209852325,SMALL,0.02,3.0,AGGRESSIVE,0.0007951264311100013,1.0
1704093660.0,70.19600209852325,SMALL,0.02,3.0,AGGRESSIVE,0.0007951264311100013,1.0
1704093720.0,70.19600209852325,SMALL,0.02,3.0,AGGRESSIVE,0.0007951264311100013,1.0
1704093780.0,70.19600209852325,SMALL,0.02,3.0,AGGRESSIVE,0.0007951264311100013,1.0
1704093840.0,70.29088636793676,SMALL,0.02,3.0,AGGRESSIVE,0.0,1.0
1704093900.0,70.62272136793676,SMALL,0.02,3.0,AGGRESSIVE,0.0,1.0
1704093960.0,70.95455636793676,SMALL,0.02,3.0,AGGRESSIVE,0.0,1.0
1704094020.0,71.28639136793676,SMALL,0.02,3.0,AGGRESSIVE,0.0,1.0
1704094080.0,71.61822636793676,SMALL,0.02,3.0,AGGRESSIVE,0.0,1.0
1704094140.0,71.95006136793675,SMALL,0.02,3.0,AGGRESSIVE,0.0,1.0
1704094200.0,72.28189636793677,SMALL,0.02,3.0,AGGRESSIVE,0.0,1.0
1704094260.0,72.61373136793677,SMALL,0.02,3.0,AGGRESSIVE,0.0,1.0
1704094320.0,72.94556636793676,SMALL,0.02,3.0,AGGRESSIVE,0.0,1.0
1704094380.0,73.27740136793676,SMALL,0.02,3.0,AGGRESSIVE,0.0,1.0
1704094440.0,73.60923636793676,SMALL,0.02,3.0,AGGRESSIVE,0.0,1.0
1704094500.0,73.94107136793676,SMALL,0.02,3.0,AGGRESSIVE,0.0,1.0
1704094560.0,74.27290636793676,SMALL,0.02,3.0,AGGRESSIVE,0.0,1.0
1704094620.0,74.60474136793677,SMALL,0.02,3.0,AGGRESSIVE,0.0,1.0
1704094680.0,74.93657636793677,SMALL,0.02,3.0,AGGRESSIVE,0.0,1.0
1704094740.0,75.26841136793676,SMALL,0.02,3.0,AGGRESSIVE,0.0,1.0
1704094800.0,75.60024636793676,SMALL,0.02,3.0,AGGRESSIVE,0.0,1.0
1704094860.0,75.93208136793676,SMALL,0.02,3.0,AGGRESSIVE,0.0,1.0
1704094920.0,76.26391636793676,SMALL,0.02,3.0,AGGRESSIVE,0.0,1.0
1704094980.0,76.20407078049372,SMALL,0.02,3.0,AGGRESSIVE,0.000784716944699109,1.0
1704095040.0,76.20407078049372,SMALL,0.02,3.0,AGGRESSIVE,0.000784716944699109,1.0
1704095100.0,76.20407078049372,SMALL,0.02,3.0,AGGRESSIVE,0.000784716944699109,1.0
1704095160.0,76.20407078049372,SMALL,0.02,3.0,AGGRESSIVE,0.000784716944699109,1.0
1704095220.0,76.20407078049372,SMALL,0.02,3.0,AGGRESSIVE,0.000784716944699109,1.0
1704095280.0,76.32619537808532,SMALL,0.02,3.0,AGGRESSIVE,0.0,1.0
1704095340.0,76.70555137808532,SMALL,0.02,3.0,AGGRESSIVE,0.0,1.0
1704095400.0,77.08490737808532,SMALL,0.02,3.0,AGGRESSIVE,0.0,1.0
1704095460.0,77.46426337808532,SMALL,0.02,3.0,AGGRESSIVE,0.0,1.0
1704095520.0,77.84361937808532,SMALL,0.02,3.0,AGGRESSIVE,0.0,1.0
1704095580.0,78.22297537808531,SMALL,0.02,3.0,AGGRESSIVE,0.0,1.0
1704095640.0,78.60233137808531,SMALL,0.02,3.0,AGGRESSIVE,0.0,1.0
1704095700.0,78.98168737808531,SMALL,0.02,3.0,AGGRESSIVE,0.0,1.0
1704095760.0,79.36104337808531,SMALL,0.02,3.0,AGGRESSIVE,0.0,1.0
1704095820.0,79.74039937808531,SMALL,0.02,3.0,AGGRESSIVE,0.0,1.0
1704095880.0,80.11975537808532,SMALL,0.02,3.0,AGGRESSIVE,0.0,1.0
1704095940.0,80.49911137808532,SMALL,0.02,3.0,AGGRESSIVE,0.0,1.0
1704096000.0,80.87846737808532,SMALL,0.02,3.0,AGGRESSIVE,0.0,1.0
1704096060.0,81.25782337808532,SMALL,0.02,3.0,AGGRESSIVE,0.0,1.0
1704096120.0,81.63717937808532,SMALL,0.02,3.0,AGGRESSIVE,0.0,1.0
1704096180.0,82.01653537808531,SMALL,0.02,3.0,AGGRESSIVE,0.0,1.0
1704096240.0,82.39589137808531,SMALL,0.02,3.0,AGGRESSIVE,0.0,1.0
1704096300.0,82.77524737808531,SMALL,0.02,3.0,AGGRESSIVE,0.0,1.0
1704096360.0,82.72637155164527,SMALL,0.02,3.0,AGGRESSIVE,0.0005904642751086322,1.0
1704096420.0,82.72637155164527,SMALL,0.02,3.0,AGGRESSIVE,0.0005904642751086322,1.0
1704096480.0,82.72637155164527,SMALL,0.02,3.0,AGGRESSIVE,0.0005904642751086322,1.0
1704096540.0,82.72637155164527,SMALL,0.02,3.0,AGGRESSIVE,0.0005904642751086322,1.0
1704096600.0,82.72637155164527,SMALL,0.02,3.0,AGGRESSIVE,0.0005904642751086322,1.0
1704096660.0,82.88101770809767,SMALL,0.02,3.0,AGGRESSIVE,0.0,1.0
1704096720.0,83.31491170809767,SMALL,0.02,3.0,AGGRESSIVE,0.0,1.0
1704096780.0,83.74880570809768,SMALL,0.02,3.0,AGGRESSIVE,0.0,1.0
1704096840.0,84.18269970809767,SMALL,0.02,3.0,AGGRESSIVE,0.0,1.0
1704096900.0,84.61659370809767,SMALL,0.02,3.0,AGGRESSIVE,0.0,1.0
1704096960.0,85.05048770809768,SMALL,0.02,3.0,AGGRESSIVE,0.0,1.0
1704097020.0,85.48438170809767,SMALL,0.02,3.0,AGGRESSIVE,0.0,1.0
1704097080.0,85.91827570809767,SMALL,0.02,3.0,AGGRESSIVE,0.0,1.0
1704097140.0,86.35216970809768,SMALL,0.02,3.0,AGGRESSIVE,0.0,1.0
1704097200.0,86.78606370809767,SMALL,0.02,3.0,AGGRESSIVE,0.0,1.0
1704097260.0,87.21995770809768,SMALL,0.02,3.0,AGGRESSIVE,0.0,1.0
1704097320.0,87.65385170809768,SMALL,0.02,3.0,AGGRESSIVE,0.0,1.0
1704097380.0,88.08774570809767,SMALL,0.02,3.0,AGGRESSIVE,0.0,1.0
1704097440.0,88.52163970809768,SMALL,0.02,3.0,AGGRESSIVE,0.0,1.0
1704097500.0,88.95553370809768,SMALL,0.02,3.0,AGGRESSIVE,0.0,1.0
1704097560.0,89.38942770809767,SMALL,0.02,3.0,AGGRESSIVE,0.0,1.0
1704097620.0,89.82332170809768,SMALL,0.02,3.0,AGGRESSIVE,0.0,1.0
1704097680.0,89.80691618289997,SMALL,0.02,3.0,AGGRESSIVE,0.00018264215668872098,1.0
1704097740.0,89.80691618289997,SMALL,0.02,3.0,AGGRESSIVE,0.00018264215668872098,1.0
1704097800.0,89.80691618289997,SMALL,0.02,3.0,AGGRESSIVE,0.00018264215668872098,1.0
1704097860.0,89.80691618289997,SMALL,0.02,3.0,AGGRESSIVE,0.00018264215668872098,1.0
1704097920.0,89.80691618289997,SMALL,0.02,3.0,AGGRESSIVE,0.00018264215668872098,1.0
1704097980.0,90.00024708752618,SMALL,0.02,3.0,AGGRESSIVE,0.0,1.0
1704098040.0,90.49672658752617,SMALL,0.02,3.0,AGGRESSIVE,0.0,1.0
1704098100.0,90.99320608752618,SMALL,0.02,3.0,AGGRESSIVE,0.0,1.0
1704098160.0,91.48968558752617,SMALL,0.02,3.0,AGGRESSIVE,0.0,1.0
1704098220.0,91.98616508752617,SMALL,0.02,3.0,AGGRESSIVE,0.0,1.0
1704098280.0,92.48264458752617,SMALL,0.02,3.0,AGGRESSIVE,0.0,1.0
1704098340.0,92.97912408752617,SMALL,0.02,3.0,AGGRESSIVE,0.0,1.0
1704098400.0,93.47560358752617,SMALL,0.02,3.0,AGGRESSIVE,0.0,1.0
1704098460.0,93.97208308752617,SMALL,0.02,3.0,AGGRESSIVE,0.0,1.0
1704098520.0,94.46856258752616,SMALL,0.02,3.0,AGGRESSIVE,0.0,1.0
1704098580.0,94.96504208752617,SMALL,0.02,3.0,AGGRESSIVE,0.0,1.0
1704098640.0,95.46152158752616,SMALL,0.02,3.0,AGGRESSIVE,0.0,1.0
1704098700.0,95.95800108752617,SMALL,0.02,3.0,AGGRESSIVE,0.0,1.0
1704098760.0,96.45448058752618,SMALL,0.02,3.0,AGGRESSIVE,0.0,1.0
1704098820.0,96.95096008752617,SMALL,0.02,3.0,AGGRESSIVE,0.0,1.0
1704098880.0,97.44743958752618,SMALL,0.02,3.0,AGGRESSIVE,0.0,1.0
1704098940.0,97.49348282627133,SMALL,0.02,3.0,AGGRESSIVE,0.0,1.0
1704099000.0,97.49348282627133,SMALL,0.02,3.0,AGGRESSIVE,0.0,1.0
1704099060.0,97.49348282627133,SMALL,0.02,3.0,AGGRESSIVE,0.0,1.0
1704099120.0,97.49348282627133,SMALL,0.02,3.0,AGGRESSIVE,0.0,1.0
1704099180.0,97.49348282627133,SMALL,0.02,3.0,AGGRESSIVE,0.0,1.0
1704099240.0,97.7326681675859,SMALL,0.02,3.0,AGGRESSIVE,0.0,1.0
1704099300.0,98.3009486675859,SMALL,0.02,3.0,AGGRESSIVE,0.0,1.0
1704099360.0,98.8692291675859,SMALL,0.02,3.0,AGGRESSIVE,0.0,1.0
1704099420.0,99.4375096675859,SMALL,0.02,3.0,AGGRESSIVE,0.0,1.0
1704099480.0,100.0057901675859,GROWTH,0.015,2.0,AGGRESSIVE,0.0,1.0
1704099540.0,100.5740706675859,GROWTH,0.015,2.0,AGGRESSIVE,0.0,1.0
1704099600.0,101.1423511675859,GROWTH,0.015,2.0,AGGRESSIVE,0.0,1.0
1704099660.0,101.7106316675859,GROWTH,0.015,2.0,AGGRESSIVE,0.0,1.0
1704099720.0,102.2789121675859,GROWTH,0.015,2.0,AGGRESSIVE,0.0,1.0
1704099780.0,102.8471926675859,GROWTH,0.015,2.0,AGGRESSIVE,0.0,1.0
1704099840.0,103.4154731675859,GROWTH,0.015,2.0,AGGRESSIVE,0.0,1.0
1704099900.0,103.9837536675859,GROWTH,0.015,2.0,AGGRESSIVE,0.0,1.0
1704099960.0,104.5520341675859,GROWTH,0.015,2.0,AGGRESSIVE,0.0,1.0
1704100020.0,105.1203146675859,GROWTH,0.015,2.0,AGGRESSIVE,0.0,1.0
1704100080.0,105.6885951675859,GROWTH,0.015,2.0,AGGRESSIVE,0.0,1.0
1704100140.0,106.2568756675859,GROWTH,0.015,2.0,AGGRESSIVE,0.0,1.0
1704100200.0,105.83794461118386,GROWTH,0.015,2.0,AGGRESSIVE,0.003942625395015649,1.0
1704100260.0,105.83794461118386,GROWTH,0.015,2.0,AGGRESSIVE,0.003942625395015649,1.0
1704100320.0,105.83794461118386,GROWTH,0.015,2.0,AGGRESSIVE,0.003942625395015649,1.0
1704100380.0,105.83794461118386,GROWTH,0.015,2.0,AGGRESSIVE,0.003942625395015649,1.0
1704100440.0,105.83794461118386,GROWTH,0.015,2.0,AGGRESSIVE,0.003942625395015649,1.0
1704100500.0,105.98551045815607,GROWTH,0.015,2.0,AGGRESSIVE,0.00255386023468985,1.0
1704100560.0,106.31170745815608,GROWTH,0.015,2.0,AGGRESSIVE,0.0,1.0
1704100620.0,106.63790445815607,GROWTH,0.015,2.0,AGGRESSIVE,0.0,1.0
1704100680.0,106.96410145815607,GROWTH,0.015,2.0,AGGRESSIVE,0.0,1.0
1704100740.0,107.29029845815607,GROWTH,0.015,2.0,AGGRESSIVE,0.0,1.0
1704100800.0,107.61649545815607,GROWTH,0.015,2.0,AGGRESSIVE,0.0,1.0
1704100860.0,107.94269245815607,GROWTH,0.015,2.0,AGGRESSIVE,0.0,1.0
1704100920.0,108.26888945815607,GROWTH,0.015,2.0,AGGRESSIVE,0.0,1.0
1704100980.0,108.59508645815608,GROWTH,0.015,2.0,AGGRESSIVE,0.0,1.0
1704101040.0,108.92128345815607,GROWTH,0.015,2.0,AGGRESSIVE,0.0,1.0
1704101100.0,109.24748045815608,GROWTH,0.015,2.0,AGGRESSIVE,0.0,1.0
1704101160.0,109.57367745815607,GROWTH,0.015,2.0,AGGRESSIVE,0.0,1.0
1704101220.0,109.89987445815608,GROWTH,0.015,2.0,AGGRESSIVE,0.0,1.0
1704101280.0,110.22607145815607,GROWTH,0.015,2.0,AGGRESSIVE,0.0,1.0
1704101340.0,110.55226845815608,GROWTH,0.015,2.0,AGGRESSIVE,0.0,1.0
1704101400.0,110.36727538587337,GROWTH,0.015,2.0,AGGRESSIVE,0.001673353924462689,1.0
1704101460.0,110.36727538587337,GROWTH,0.015,2.0,AGGRESSIVE,0.001673353924462689,1.0
1704101520.0,110.36727538587337,GROWTH,0.015,2.0,AGGRESSIVE,0.001673353924462689,1.0
1704101580.0,110.36727538587337,GROWTH,0.015,2.0,AGGRESSIVE,0.001673353924462689,1.0
1704101640.0,110.36727538587337,GROWTH,0.015,2.0,AGGRESSIVE,0.001673353924462689,1.0
1704101700.0,110.54086416038609,GROWTH,0.015,2.0,AGGRESSIVE,0.00010315751932581845,1.0
1704101760.0,110.9007286603861,GROWTH,0.015,2.0,AGGRESSIVE,0.0,1.0
1704101820.0,111.2605931603861,GROWTH,0.015,2.0,AGGRESSIVE,0.0,1.0
1704101880.0,111.6204576603861,GROWTH,0.015,2.0,AGGRESSIVE,0.0,1.0
1704101940.0,111.9803221603861,GROWTH,0.015,2.0,AGGRESSIVE,0.0,1.0
1704102000.0,112.34018666038608,GROWTH,0.015,2.0,AGGRESSIVE,0.0,1.0
1704102060.0,112.70005116038608,GROWTH,0.015,2.0,AGGRESSIVE,0.0,1.0
1704102120.0,113.05991566038608,GROWTH,0.015,2.0,AGGRESSIVE,0.0,1.0
1704102180.0,113.41978016038608,GROWTH,0.015,2.0,AGGRESSIVE,0.0,1.0
1704102240.0,113.77964466038608,GROWTH,0.015,2.0,AGGRESSIVE,0.0,1.0
1704102300.0,114.13950916038608,GROWTH,0.015,2.0,AGGRESSIVE,0.0,1.0
1704102360.0,114.49937366038608,GROWTH,0.015,2.0,AGGRESSIVE,0.0,1.0
1704102420.0,114.85923816038608,GROWTH,0.015,2.0,AGGRESSIVE,0.0,1.0
1704102480.0,115.21910266038608,GROWTH,0.015,2.0,AGGRESSIVE,0.0,1.0
1704102540.0,115.09044019630227,GROWTH,0.015,2.0,AGGRESSIVE,0.0011166764981936708,1.0
1704102600.0,115.09044019630227,GROWTH,0.015,2.0,AGGRESSIVE,0.0011166764981936708,1.0
1704102660.0,115.09044019630227,GROWTH,0.015,2.0,AGGRESSIVE,0.0011166764981936708,1.0
1704102720.0,115.09044019630227,GROWTH,0.015,2.0,AGGRESSIVE,0.0011166764981936708,1.0
1704102780.0,115.09044019630227,GROWTH,0.015,2.0,AGGRESSIVE,0.0011166764981936708,1.0
1704102840.0,115.29331542773203,GROWTH,0.015,2.0,AGGRESSIVE,0.0,1.0
1704102900.0,115.69043792773202,GROWTH,0.015,2.0,AGGRESSIVE,0.0,1.0
1704102960.0,116.08756042773203,GROWTH,0.015,2.0,AGGRESSIVE,0.0,1.0
1704103020.0,116.48468292773202,GROWTH,0.015,2.0,AGGRESSIVE,0.0,1.0
1704103080.0,116.88180542773202,GROWTH,0.015,2.0,AGGRESSIVE,0.0,1.0
1704103140.0,117.27892792773203,GROWTH,0.015,2.0,AGGRESSIVE,0.0,1.0
1704103200.0,117.67605042773202,GROWTH,0.015,2.0,AGGRESSIVE,0.0,1.0
1704103260.0,118.07317292773202,GROWTH,0.015,2.0,AGGRESSIVE,0.0,1.0
1704103320.0,118.47029542773203,GROWTH,0.015,2.0,AGGRESSIVE,0.0,1.0
1704103380.0,118.86741792773202,GROWTH,0.015,2.0,AGGRESSIVE,0.0,1.0
1704103440.0,119.26454042773203,GROWTH,0.015,2.0,AGGRESSIVE,0.0,1.0
1704103500.0,119.66166292773202,GROWTH,0.015,2.0,AGGRESSIVE,0.0,1.0
1704103560.0,120.05878542773202,GROWTH,0.015,2.0,AGGRESSIVE,0.0,1.0
1704103620.0,120.01572963502457,GROWTH,0.015,2.0,AGGRESSIVE,0.0003586225910420007,1.0
1704103680.0,120.01572963502457,GROWTH,0.015,2.0,AGGRESSIVE,0.0003586225910420007,1.0
1704103740.0,120.01572963502457,GROWTH,0.015,2.0,AGGRESSIVE,0.0003586225910420007,1.0
1704103800.0,120.01572963502457,GROWTH,0.015,2.0,AGGRESSIVE,0.0003586225910420007,1.0
1704103860.0,120.01572963502457,GROWTH,0.015,2.0,AGGRESSIVE,0.0003586225910420007,1.0
1704103920.0,120.25147296954393,GROWTH,0.015,2.0,AGGRESSIVE,0.0,1.0
1704103980.0,120.68977646954392,GROWTH,0.015,2.0,AGGRESSIVE,0.0,1.0
1704104040.0,121.12807996954392,GROWTH,0.015,2.0,AGGRESSIVE,0.0,1.0
1704104100.0,121.56638346954392,GROWTH,0.015,2.0,AGGRESSIVE,0.0,1.0
1704104160.0,122.00468696954393,GROWTH,0.015,2.0,AGGRESSIVE,0.0,1.0
1704104220.0,122.44299046954391,GROWTH,0.015,2.0,AGGRESSIVE,0.0,1.0
1704104280.0,122.88129396954392,GROWTH,0.015,2.0,AGGRESSIVE,0.0,1.0
1704104340.0,123.31959746954392,GROWTH,0.015,2.0,AGGRESSIVE,0.0,1.0
1704104400.0,123.75790096954393,GROWTH,0.015,2.0,AGGRESSIVE,0.0,1.0
1704104460.0,124.19620446954391,GROWTH,0.015,2.0,AGGRESSIVE,0.0,1.0
1704104520.0,124.63450796954392,GROWTH,0.015,2.0,AGGRESSIVE,0.0,1.0
1704104580.0,125.07281146954392,GROWTH,0.015,2.0,AGGRESSIVE,0.0,1.0
1704104640.0,125.1517989918345,GROWTH,0.015,2.0,AGGRESSIVE,0.0,1.0
1704104700.0,125.1517989918345,GROWTH,0.015,2.0,AGGRESSIVE,0.0,1.0
1704104760.0,125.1517989918345,GROWTH,0.015,2.0,AGGRESSIVE,0.0,1.0
1704104820.0,125.1517989918345,GROWTH,0.015,2.0,AGGRESSIVE,0.0,1.0
1704104880.0,125.1517989918345,GROWTH,0.015,2.0,AGGRESSIVE,0.0,1.0
1704104940.0,125.42431376408811,GROWTH,0.015,2.0,AGGRESSIVE,0.0,1.0
1704105000.0,125.9080572640881,GROWTH,0.015,2.0,AGGRESSIVE,0.0,1.0
1704105060.0,126.3918007640881,GROWTH,0.015,2.0,AGGRESSIVE,0.0,1.0
1704105120.0,126.8755442640881,GROWTH,0.015,2.0,AGGRESSIVE,0.0,1.0
1704105180.0,127.35928776408811,GROWTH,0.015,2.0,AGGRESSIVE,0.0,1.0
1704105240.0,127.84303126408811,GROWTH,0.015,2.0,AGGRESSIVE,0.0,1.0
1704105300.0,128.3267747640881,GROWTH,0.015,2.0,AGGRESSIVE,0.0,1.0
1704105360.0,128.8105182640881,GROWTH,0.015,2.0,AGGRESSIVE,0.0,1.0
1704105420.0,129.2942617640881,GROWTH,0.015,2.0,AGGRESSIVE,0.0,1.0
1704105480.0,129.7780052640881,GROWTH,0.015,2.0,AGGRESSIVE,0.0,1.0
1704105540.0,130.2617487640881,GROWTH,0.015,2.0,AGGRESSIVE,0.0,1.0
1704105600.0,130.7454922640881,GROWTH,0.015,2.0,AGGRESSIVE,0.0,1.0
1704105660.0,130.50766643636354,GROWTH,0.015,2.0,AGGRESSIVE,0.0018189982966617456,1.0
1704105720.0,130.50766643636354,GROWTH,0.015,2.0,AGGRESSIVE,0.0018189982966617456,1.0
1704105780.0,130.50766643636354,GROWTH,0.015,2.0,AGGRESSIVE,0.0018189982966617456,1.0
1704105840.0,130.50766643636354,GROWTH,0.015,2.0,AGGRESSIVE,0.0018189982966617456,1.0
1704105900.0,130.50766643636354,GROWTH,0.015,2.0,AGGRESSIVE,0.0018189982966617456,1.0
1704105960.0,130.8231185419941,GROWTH,0.015,2.0,AGGRESSIVE,0.0,1.0
1704106020.0,131.3588390419941,GROWTH,0.015,2.0,AGGRESSIVE,0.0,1.0
1704106080.0,131.8945595419941,GROWTH,0.015,2.0,AGGRESSIVE,0.0,1.0
1704106140.0,132.4302800419941,GROWTH,0.015,2.0,AGGRESSIVE,0.0,1.0
1704106200.0,132.9660005419941,GROWTH,0.015,2.0,AGGRESSIVE,0.0,1.0
1704106260.0,133.5017210419941,GROWTH,0.015,2.0,AGGRESSIVE,0.0,1.0
1704106320.0,134.0374415419941,GROWTH,0.015,2.0,AGGRESSIVE,0.0,1.0
1704106380.0,134.5731620419941,GROWTH,0.015,2.0,AGGRESSIVE,0.0,1.0
1704106440.0,135.1088825419941,GROWTH,0.015,2.0,AGGRESSIVE,0.0,1.0
1704106500.0,135.6446030419941,GROWTH,0.015,2.0,AGGRESSIVE,0.0,1.0
1704106560.0,136.18032354199408,GROWTH,0.015,2.0,AGGRESSIVE,0.0,1.0
1704106620.0,136.09274160605543,GROWTH,0.015,2.0,AGGRESSIVE,0.0006431320888413848,1.0
1704106680.0,136.09274160605543,GROWTH,0.015,2.0,AGGRESSIVE,0.0006431320888413848,1.0
1704106740.0,136.09274160605543,GROWTH,0.015,2.0,AGGRESSIVE,0.0006431320888413848,1.0
1704106800.0,136.09274160605543,GROWTH,0.015,2.0,AGGRESSIVE,0.0006431320888413848,1.0
1704106860.0,136.09274160605543,GROWTH,0.015,2.0,AGGRESSIVE,0.0006431320888413848,1.0
1704106920.0,136.45631135565236,GROWTH,0.015,2.0,AGGRESSIVE,0.0,1.0
1704106980.0,137.04957585565236,GROWTH,0.015,2.0,AGGRESSIVE,0.0,1.0
1704107040.0,137.64284035565237,GROWTH,0.015,2.0,AGGRESSIVE,0.0,1.0
1704107100.0,138.23610485565237,GROWTH,0.015,2.0,AGGRESSIVE,0.0,1.0
1704107160.0,138.82936935565237,GROWTH,0.015,2.0,AGGRESSIVE,0.0,1.0
1704107220.0,139.42263385565238,GROWTH,0.015,2.0,AGGRESSIVE,0.0,1.0
1704107280.0,140.01589835565235,GROWTH,0.015,2.0,AGGRESSIVE,0.0,1.0
1704107340.0,140.60916285565236,GROWTH,0.015,2.0,AGGRESSIVE,0.0,1.0
1704107400.0,141.20242735565236,GROWTH,0.015,2.0,AGGRESSIVE,0.0,1.0
1704107460.0,141.79569185565236,GROWTH,0.015,2.0,AGGRESSIVE,0.0,1.0
1704107520.0,141.91682930940945,GROWTH,0.015,2.0,AGGRESSIVE,0.0,1.0
1704107580.0,141.91682930940945,GROWTH,0.015,2.0,AGGRESSIVE,0.0,1.0
1704107640.0,141.91682930940945,GROWTH,0.015,2.0,AGGRESSIVE,0.0,1.0
1704107700.0,141.91682930940945,GROWTH,0.015,2.0,AGGRESSIVE,0.0,1.0
1704107760.0,141.91682930940945,GROWTH,0.015,2.0,AGGRESSIVE,0.0,1.0
1704107820.0,142.33411488950546,GROWTH,0.015,2.0,AGGRESSIVE,0.0,1.0
1704107880.0,142.99092488950546,GROWTH,0.015,2.0,AGGRESSIVE,0.0,1.0
1704107940.0,143.64773488950547,GROWTH,0.015,2.0,AGGRESSIVE,0.0,1.0
1704108000.0,144.30454488950545,GROWTH,0.015,2.0,AGGRESSIVE,0.0,1.0
1704108060.0,144.96135488950546,GROWTH,0.015,2.0,AGGRESSIVE,0.0,1.0
1704108120.0,145.61816488950546,GROWTH,0.015,2.0,AGGRESSIVE,0.0,1.0
1704108180.0,146.27497488950547,GROWTH,0.015,2.0,AGGRESSIVE,0.0,1.0
1704108240.0,146.93178488950545,GROWTH,0.015,2.0,AGGRESSIVE,0.0,1.0
1704108300.0,147.58859488950546,GROWTH,0.015,2.0,AGGRESSIVE,0.0,1.0
1704108360.0,148.24540488950547,GROWTH,0.015,2.0,AGGRESSIVE,0.0,1.0
1704108420.0,147.99015587071764,GROWTH,0.015,2.0,AGGRESSIVE,0.0017218005440240902,1.0
1704108480.0,147.99015587071764,GROWTH,0.015,2.0,AGGRESSIVE,0.0017218005440240902,1.0
1704108540.0,147.99015587071764,GROWTH,0.015,2.0,AGGRESSIVE,0.0017218005440240902,1.0
1704108600.0,147.99015587071764,GROWTH,0.015,2.0,AGGRESSIVE,0.0017218005440240902,1.0
1704108660.0,147.99015587071764,GROWTH,0.015,2.0,AGGRESSIVE,0.0017218005440240902,1.0
1704108720.0,148.4703203659646,GROWTH,0.015,2.0,AGGRESSIVE,0.0,1.0
1704108780.0,149.2002598659646,GROWTH,0.015,2.0,AGGRESSIVE,0.0,1.0
1704108840.0,149.9301993659646,GROWTH,0.015,2.0,AGGRESSIVE,0.0,1.0
1704108900.0,150.6601388659646,GROWTH,0.015,2.0,AGGRESSIVE,0.0,1.0
1704108960.0,151.3900783659646,GROWTH,0.015,2.0,AGGRESSIVE,0.0,1.0
1704109020.0,152.1200178659646,GROWTH,0.015,2.0,AGGRESSIVE,0.0,1.0
1704109080.0,152.8499573659646,GROWTH,0.015,2.0,AGGRESSIVE,0.0,1.0
1704109140.0,153.5798968659646,GROWTH,0.015,2.0,AGGRESSIVE,0.0,1.0
1704109200.0,154.3098363659646,GROWTH,0.015,2.0,AGGRESSIVE,0.0,1.0
1704109260.0,154.32339392354567,GROWTH,0.015,2.0,AGGRESSIVE,0.0,1.0
1704109320.0,154.32339392354567,GROWTH,0.015,2.0,AGGRESSIVE,0.0,1.0
1704109380.0,154.32339392354567,GROWTH,0.015,2.0,AGGRESSIVE,0.0,1.0
1704109440.0,154.32339392354567,GROWTH,0.015,2.0,AGGRESSIVE,0.0,1.0
1704109500.0,154.32339392354567,GROWTH,0.015,2.0,AGGRESSIVE,0.0,1.0
1704109560.0,154.87385692872738,GROWTH,0.015,2.0,AGGRESSIVE,0.0,1.0
1704109620.0,155.68478392872737,GROWTH,0.015,2.0,AGGRESSIVE,0.0,1.0
1704109680.0,156.49571092872736,GROWTH,0.015,2.0,AGGRESSIVE,0.0,1.0
1704109740.0,157.30663792872738,GROWTH,0.015,2.0,AGGRESSIVE,0.0,1.0
1704109800.0,158.11756492872738,GROWTH,0.015,2.0,AGGRESSIVE,0.0,1.0
1704109860.0,158.92849192872737,GROWTH,0.015,2.0,AGGRESSIVE,0.0,1.0
1704109920.0,159.73941892872736,GROWTH,0.015,2.0,AGGRESSIVE,0.0,1.0
1704109980.0,160.55034592872738,GROWTH,0.015,2.0,AGGRESSIVE,0.0,1.0
1704110040.0,161.36127292872737,GROWTH,0.015,2.0,AGGRESSIVE,0.0,1.0
1704110100.0,160.92765957056582,GROWTH,0.015,2.0,AGGRESSIVE,0.0026872207332739413,1.0
1704110160.0,160.92765957056582,GROWTH,0.015,2.0,AGGRESSIVE,0.0026872207332739413,1.0
1704110220.0,160.92765957056582,GROWTH,0.015,2.0,AGGRESSIVE,0.0026872207332739413,1.0
1704110280.0,160.92765957056582,GROWTH,0.015,2.0,AGGRESSIVE,0.0026872207332739413,1.0
1704110340.0,160.92765957056582,GROWTH,0.015,2.0,AGGRESSIVE,0.0026872207332739413,1.0
1704110400.0,161.56081490784246,GROWTH,0.015,2.0,AGGRESSIVE,0.0,1.0
1704110460.0,162.46558090784245,GROWTH,0.015,2.0,AGGRESSIVE,0.0,1.0
1704110520.0,163.37034690784245,GROWTH,0.015,2.0,AGGRESSIVE,0.0,1.0
1704110580.0,164.27511290784244,GROWTH,0.015,2.0,AGGRESSIVE,0.0,1.0
1704110640.0,165.17987890784244,GROWTH,0.015,2.0,AGGRESSIVE,0.0,1.0
1704110700.0,166.08464490784243,GROWTH,0.015,2.0,AGGRESSIVE,0.0,1.0
1704110760.0,166.98941090784245,GROWTH,0.015,2.0,AGGRESSIVE,0.0,1.0
1704110820.0,167.89417690784245,GROWTH,0.015,2.0,AGGRESSIVE,0.0,1.0
1704110880.0,167.81455758669998,GROWTH,0.015,2.0,AGGRESSIVE,0.0004742232435266463,1.0
1704110940.0,167.81455758669998,GROWTH,0.015,2.0,AGGRESSIVE,0.0004742232435266463,1.0
1704111000.0,167.81455758669998,GROWTH,0.015,2.0,AGGRESSIVE,0.0004742232435266463,1.0
1704111060.0,167.81455758669998,GROWTH,0.015,2.0,AGGRESSIVE,0.0004742232435266463,1.0
1704111120.0,167.81455758669998,GROWTH,0.015,2.0,AGGRESSIVE,0.0004742232435266463,1.0
1704111180.0,168.54032842556796,GROWTH,0.015,2.0,AGGRESSIVE,0.0,1.0
1704111240.0,169.54933342556797,GROWTH,0.015,2.0,AGGRESSIVE,0.0,1.0
1704111300.0,170.55833842556797,GROWTH,0.015,2.0,AGGRESSIVE,0.0,1.0
1704111360.0,171.56734342556797,GROWTH,0.015,2.0,AGGRESSIVE,0.0,1.0
1704111420.0,172.57634842556797,GROWTH,0.015,2.0,AGGRESSIVE,0.0,1.0
1704111480.0,173.58535342556797,GROWTH,0.015,2.0,AGGRESSIVE,0.0,1.0
1704111540.0,174.59435842556798,GROWTH,0.015,2.0,AGGRESSIVE,0.0,1.0
1704111600.0,174.99617837744128,GROWTH,0.015,2.0,AGGRESSIVE,0.0,1.0
1704111660.0,174.99617837744128,GROWTH,0.015,2.0,AGGRESSIVE,0.0,1.0
1704111720.0,174.99617837744128,GROWTH,0.015,2.0,AGGRESSIVE,0.0,1.0
1704111780.0,174.99617837744128,GROWTH,0.015,2.0,AGGRESSIVE,0.0,1.0
1704111840.0,174.99617837744128,GROWTH,0.015,2.0,AGGRESSIVE,0.0,1.0
1704111900.0,175.8250761736041,GROWTH,0.015,2.0,AGGRESSIVE,0.0,1.0
1704111960.0,176.9493291736041,GROWTH,0.015,2.0,AGGRESSIVE,0.0,1.0
1704112020.0,178.07358217360408,GROWTH,0.015,2.0,AGGRESSIVE,0.0,1.0
1704112080.0,179.1978351736041,GROWTH,0.015,2.0,AGGRESSIVE,0.0,1.0
1704112140.0,180.3220881736041,GROWTH,0.015,2.0,AGGRESSIVE,0.0,1.0
1704112200.0,181.44634117360408,GROWTH,0.015,2.0,AGGRESSIVE,0.0,1.0
1704112260.0,182.5705941736041,GROWTH,0.015,2.0,AGGRESSIVE,0.0,1.0
1704112320.0,182.48513756249636,GROWTH,0.015,2.0,AGGRESSIVE,0.0004680743440341262,1.0
1704112380.0,182.48513756249636,GROWTH,0.015,2.0,AGGRESSIVE,0.0004680743440341262,1.0
1704112440.0,182.48513756249636,GROWTH,0.015,2.0,AGGRESSIVE,0.0004680743440341262,1.0
1704112500.0,182.48513756249636,GROWTH,0.015,2.0,AGGRESSIVE,0.0004680743440341262,1.0
1704112560.0,182.48513756249636,GROWTH,0.015,2.0,AGGRESSIVE,0.0004680743440341262,1.0
1704112620.0,183.43571157052676,GROWTH,0.015,2.0,AGGRESSIVE,0.0,1.0
1704112680.0,184.69428057052676,GROWTH,0.015,2.0,AGGRESSIVE,0.0,1.0
1704112740.0,185.95284957052675,GROWTH,0.015,2.0,AGGRESSIVE,0.0,1.0
1704112800.0,187.21141857052677,GROWTH,0.015,2.0,AGGRESSIVE,0.0,1.0
1704112860.0,188.46998757052677,GROWTH,0.015,2.0,AGGRESSIVE,0.0,1.0
1704112920.0,189.72855657052676,GROWTH,0.015,2.0,AGGRESSIVE,0.0,1.0
1704112980.0,190.98712557052676,GROWTH,0.015,2.0,AGGRESSIVE,0.0,1.0
1704113040.0,190.29458833260395,GROWTH,0.015,2.0,AGGRESSIVE,0.00362609383147698,1.0
1704113100.0,190.29458833260395,GROWTH,0.015,2.0,AGGRESSIVE,0.00362609383147698,1.0
1704113160.0,190.29458833260395,GROWTH,0.015,2.0,AGGRESSIVE,0.00362609383147698,1.0
1704113220.0,190.29458833260395,GROWTH,0.015,2.0,AGGRESSIVE,0.00362609383147698,1.0
1704113280.0,190.29458833260395,GROWTH,0.015,2.0,AGGRESSIVE,0.00362609383147698,1.0
1704113340.0,191.39000320144575,GROWTH,0.015,2.0,AGGRESSIVE,0.0,1.0
1704113400.0,192.80659370144576,GROWTH,0.015,2.0,AGGRESSIVE,0.0,1.0
1704113460.0,194.22318420144575,GROWTH,0.015,2.0,AGGRESSIVE,0.0,1.0
1704113520.0,195.63977470144576,GROWTH,0.015,2.0,AGGRESSIVE,0.0,1.0
1704113580.0,197.05636520144577,GROWTH,0.015,2.0,AGGRESSIVE,0.0,1.0
1704113640.0,198.47295570144576,GROWTH,0.015,2.0,AGGRESSIVE,0.0,1.0
1704113700.0,198.43824438378988,GROWTH,0.015,2.0,AGGRESSIVE,0.00017489192687839624,1.0
1704113760.0,198.43824438378988,GROWTH,0.015,2.0,AGGRESSIVE,0.00017489192687839624,1.0
1704113820.0,198.43824438378988,GROWTH,0.015,2.0,AGGRESSIVE,0.00017489192687839624,1.0
1704113880.0,198.43824438378988,GROWTH,0.015,2.0,AGGRESSIVE,0.00017489192687839624,1.0
1704113940.0,198.43824438378988,GROWTH,0.015,2.0,AGGRESSIVE,0.00017489192687839624,1.0
1704114000.0,199.69643858176636,GROWTH,0.015,2.0,AGGRESSIVE,0.0,1.0
1704114060.0,201.28955308176634,GROWTH,0.015,2.0,AGGRESSIVE,0.0,1.0
1704114120.0,202.88266758176636,GROWTH,0.015,2.0,AGGRESSIVE,0.0,1.0
1704114180.0,204.47578208176634,GROWTH,0.015,2.0,AGGRESSIVE,0.0,1.0
1704114240.0,206.06889658176635,GROWTH,0.015,2.0,AGGRESSIVE,0.0,1.0
1704114300.0,207.66201108176634,GROWTH,0.015,2.0,AGGRESSIVE,0.0,1.0
1704114360.0,206.93040717460775,GROWTH,0.015,2.0,AGGRESSIVE,0.0035230512473006883,1.0
1704114420.0,206.93040717460775,GROWTH,0.015,2.0,AGGRESSIVE,0.0035230512473006883,1.0
1704114480.0,206.93040717460775,GROWTH,0.015,2.0,AGGRESSIVE,0.0035230512473006883,1.0
1704114540.0,206.93040717460775,GROWTH,0.015,2.0,AGGRESSIVE,0.0035230512473006883,1.0
1704114600.0,206.93040717460775,GROWTH,0.015,2.0,AGGRESSIVE,0.0035230512473006883,1.0
1704114660.0,208.38388697575957,GROWTH,0.015,2.0,AGGRESSIVE,0.0,1.0
1704114720.0,210.18661997575958,GROWTH,0.015,2.0,AGGRESSIVE,0.0,1.0
1704114780.0,211.98935297575957,GROWTH,0.015,2.0,AGGRESSIVE,0.0,1.0
1704114840.0,213.7920859757596,GROWTH,0.015,2.0,AGGRESSIVE,0.0,1.0
1704114900.0,215.59481897575958,GROWTH,0.015,2.0,AGGRESSIVE,0.0,1.0
1704114960.0,215.7859916283213,GROWTH,0.015,2.0,AGGRESSIVE,0.0,1.0
1704115020.0,215.7859916283213,GROWTH,0.015,2.0,AGGRESSIVE,0.0,1.0
1704115080.0,215.7859916283213,GROWTH,0.015,2.0,AGGRESSIVE,0.0,1.0
1704115140.0,215.7859916283213,GROWTH,0.015,2.0,AGGRESSIVE,0.0,1.0
1704115200.0,215.7859916283213,GROWTH,0.015,2.0,AGGRESSIVE,0.0,1.0
1704115260.0,217.45938156605553,GROWTH,0.015,2.0,AGGRESSIVE,0.0,1.0
1704115320.0,219.49697106605552,GROWTH,0.015,2.0,AGGRESSIVE,0.0,1.0
1704115380.0,221.53456056605552,GROWTH,0.015,2.0,AGGRESSIVE,0.0,1.0
1704115440.0,223.5721500660555,GROWTH,0.015,2.0,AGGRESSIVE,0.0,1.0
1704115500.0,225.6097395660555,GROWTH,0.015,2.0,AGGRESSIVE,0.0,1.0
1704115560.0,225.02055266394436,GROWTH,0.015,2.0,AGGRESSIVE,0.0026115313250412477,1.0
1704115620.0,225.02055266394436,GROWTH,0.015,2.0,AGGRESSIVE,0.0026115313250412477,1.0
1704115680.0,225.02055266394436,GROWTH,0.015,2.0,AGGRESSIVE,0.0026115313250412477,1.0
1704115740.0,225.02055266394436,GROWTH,0.015,2.0,AGGRESSIVE,0.0026115313250412477,1.0
1704115800.0,225.02055266394436,GROWTH,0.015,2.0,AGGRESSIVE,0.0026115313250412477,1.0
1704115860.0,226.96013273240067,GROWTH,0.015,2.0,AGGRESSIVE,0.0,1.0
1704115920.0,229.27949823240067,GROWTH,0.015,2.0,AGGRESSIVE,0.0,1.0
1704115980.0,231.59886373240067,GROWTH,0.015,2.0,AGGRESSIVE,0.0,1.0
1704116040.0,233.91822923240068,GROWTH,0.015,2.0,AGGRESSIVE,0.0,1.0
1704116100.0,234.6503054462147,GROWTH,0.015,2.0,AGGRESSIVE,0.0,1.0
1704116160.0,234.6503054462147,GROWTH,0.015,2.0,AGGRESSIVE,0.0,1.0
1704116220.0,234.6503054462147,GROWTH,0.015,2.0,AGGRESSIVE,0.0,1.0
1704116280.0,234.6503054462147,GROWTH,0.015,2.0,AGGRESSIVE,0.0,1.0
1704116340.0,234.6503054462147,GROWTH,0.015,2.0,AGGRESSIVE,0.0,1.0
1704116400.0,236.89013156867614,GROWTH,0.015,2.0,AGGRESSIVE,0.0,1.0
1704116460.0,239.52599606867614,GROWTH,0.015,2.0,AGGRESSIVE,0.0,1.0
1704116520.0,242.16186056867616,GROWTH,0.015,2.0,AGGRESSIVE,0.0,1.0
1704116580.0,244.79772506867616,GROWTH,0.015,2.0,AGGRESSIVE,0.0,1.0
1704116640.0,244.69216422022313,GROWTH,0.015,2.0,AGGRESSIVE,0.00043121662353442884,1.0
1704116700.0,244.69216422022313,GROWTH,0.015,2.0,AGGRESSIVE,0.00043121662353442884,1.0
1704116760.0,244.69216422022313,GROWTH,0.015,2.0,AGGRESSIVE,0.00043121662353442884,1.0
1704116820.0,244.69216422022313,GROWTH,0.015,2.0,AGGRESSIVE,0.00043121662353442884,1.0
1704116880.0,244.69216422022313,GROWTH,0.015,2.0,AGGRESSIVE,0.00043121662353442884,1.0
1704116940.0,247.29909385121556,GROWTH,0.015,2.0,AGGRESSIVE,0.0,1.0
1704117000.0,250.31901035121555,GROWTH,0.015,2.0,AGGRESSIVE,0.0,1.0
1704117060.0,253.33892685121555,GROWTH,0.015,2.0,AGGRESSIVE,0.0,1.0
1704117120.0,256.35884335121557,GROWTH,0.015,2.0,AGGRESSIVE,0.0,1.0
1704117180.0,255.16376507837623,GROWTH,0.015,2.0,AGGRESSIVE,0.0046617399938962256,1.0
1704117240.0,255.16376507837623,GROWTH,0.015,2.0,AGGRESSIVE,0.0046617399938962256,1.0
1704117300.0,255.16376507837623,GROWTH,0.015,2.0,AGGRESSIVE,0.0046617399938962256,1.0
1704117360.0,255.16376507837623,GROWTH,0.015,2.0,AGGRESSIVE,0.0046617399938962256,1.0
1704117420.0,255.16376507837623,GROWTH,0.015,2.0,AGGRESSIVE,0.0046617399938962256,1.0
1704117480.0,258.2270559598329,GROWTH,0.015,2.0,AGGRESSIVE,0.0,1.0
1704117540.0,261.72100745983295,GROWTH,0.015,2.0,AGGRESSIVE,0.0,1.0
1704117600.0,265.2149589598329,GROWTH,0.015,2.0,AGGRESSIVE,0.0,1.0
1704117660.0,266.0834974987993,GROWTH,0.015,2.0,AGGRESSIVE,0.0,1.0
1704117720.0,266.0834974987993,GROWTH,0.015,2.0,AGGRESSIVE,0.0,1.0
1704117780.0,266.0834974987993,GROWTH,0.015,2.0,AGGRESSIVE,0.0,1.0
1704117840.0,266.0834974987993,GROWTH,0.015,2.0,AGGRESSIVE,0.0,1.0
1704117900.0,266.0834974987993,GROWTH,0.015,2.0,AGGRESSIVE,0.0,1.0
1704117960.0,269.67070927737205,GROWTH,0.015,2.0,AGGRESSIVE,0.0,1.0
1704118020.0,273.7070117773721,GROWTH,0.015,2.0,AGGRESSIVE,0.0,1.0
1704118080.0,277.74331427737206,GROWTH,0.015,2.0,AGGRESSIVE,0.0,1.0
1704118140.0,277.47053940448194,GROWTH,0.015,2.0,AGGRESSIVE,0.0009821113915912821,1.0
1704118200.0,277.47053940448194,GROWTH,0.015,2.0,AGGRESSIVE,0.0009821113915912821,1.0
1704118260.0,277.47053940448194,GROWTH,0.015,2.0,AGGRESSIVE,0.0009821113915912821,1.0
1704118320.0,277.47053940448194,GROWTH,0.015,2.0,AGGRESSIVE,0.0009821113915912821,1.0
1704118380.0,277.47053940448194,GROWTH,0.015,2.0,AGGRESSIVE,0.0009821113915912821,1.0
1704118440.0,281.7199108364231,GROWTH,0.015,2.0,AGGRESSIVE,0.0,1.0
1704118500.0,286.4375918364231,GROWTH,0.015,2.0,AGGRESSIVE,0.0,1.0
1704118560.0,291.1552728364231,GROWTH,0.015,2.0,AGGRESSIVE,0.0,1.0
1704118620.0,289.3448900019986,GROWTH,0.015,2.0,AGGRESSIVE,0.006217929068526989,1.0
1704118680.0,289.3448900019986,GROWTH,0.015,2.0,AGGRESSIVE,0.006217929068526989,1.0
1704118740.0,289.3448900019986,GROWTH,0.015,2.0,AGGRESSIVE,0.006217929068526989,1.0
1704118800.0,289.3448900019986,GROWTH,0.015,2.0,AGGRESSIVE,0.006217929068526989,1.0
1704118860.0,289.3448900019986,GROWTH,0.015,2.0,AGGRESSIVE,0.006217929068526989,1.0
1704118920.0,294.45234360705956,GROWTH,0.015,2.0,AGGRESSIVE,0.0,1.0
1704118980.0,300.04814810705955,GROWTH,0.015,2.0,AGGRESSIVE,0.0,1.0
1704119040.0,301.72740391294207,GROWTH,0.015,2.0,AGGRESSIVE,0.0,1.0
1704119100.0,301.72740391294207,GROWTH,0.015,2.0,AGGRESSIVE,0.0,1.0
1704119160.0,301.72740391294207,GROWTH,0.015,2.0,AGGRESSIVE,0.0,1.0
1704119220.0,301.72740391294207,GROWTH,0.015,2.0,AGGRESSIVE,0.0,1.0
1704119280.0,301.72740391294207,GROWTH,0.015,2.0,AGGRESSIVE,0.0,1.0
1704119340.0,307.8512230203085,GROWTH,0.015,2.0,AGGRESSIVE,0.0,1.0
1704119400.0,314.4842920203085,GROWTH,0.015,2.0,AGGRESSIVE,0.0,1.0
1704119460.0,314.6398280428682,GROWTH,0.015,2.0,AGGRESSIVE,0.0,1.0
1704119520.0,314.6398280428682,GROWTH,0.015,2.0,AGGRESSIVE,0.0,1.0
1704119580.0,314.6398280428682,GROWTH,0.015,2.0,AGGRESSIVE,0.0,1.0
1704119640.0,314.6398280428682,GROWTH,0.015,2.0,AGGRESSIVE,0.0,1.0
1704119700.0,314.6398280428682,GROWTH,0.015,2.0,AGGRESSIVE,0.0,1.0
1704119760.0,322.12115731955043,GROWTH,0.015,2.0,AGGRESSIVE,0.0,1.0
1704119820.0,330.13352981955046,GROWTH,0.015,2.0,AGGRESSIVE,0.0,1.0
1704119880.0,328.10483889508544,GROWTH,0.015,2.0,AGGRESSIVE,0.00614506174387648,1.0
1704119940.0,328.10483889508544,GROWTH,0.015,2.0,AGGRESSIVE,0.00614506174387648,1.0
1704120000.0,328.10483889508544,GROWTH,0.015,2.0,AGGRESSIVE,0.00614506174387648,1.0
1704120060.0,328.10483889508544,GROWTH,0.015,2.0,AGGRESSIVE,0.00614506174387648,1.0
1704120120.0,328.10483889508544,GROWTH,0.015,2.0,AGGRESSIVE,0.00614506174387648,1.0
1704120180.0,337.4785586601809,GROWTH,0.015,2.0,AGGRESSIVE,0.0,1.0
1704120240.0,342.14608531384044,GROWTH,0.015,2.0,AGGRESSIVE,0.0,1.0
1704120300.0,342.14608531384044,GROWTH,0.015,2.0,AGGRESSIVE,0.0,1.0
1704120360.0,342.14608531384044,GROWTH,0.015,2.0,AGGRESSIVE,0.0,1.0
1704120420.0,342.14608531384044,GROWTH,0.015,2.0,AGGRESSIVE,0.0,1.0
1704120480.0,342.14608531384044,GROWTH,0.015,2.0,AGGRESSIVE,0.0,1.0
1704120540.0,353.91178703468466,GROWTH,0.015,2.0,AGGRESSIVE,0.0,1.0
1704120600.0,356.7882266155591,GROWTH,0.015,2.0,AGGRESSIVE,0.0,1.0
1704120660.0,356.7882266155591,GROWTH,0.015,2.0,AGGRESSIVE,0.0,1.0
1704120720.0,356.7882266155591,GROWTH,0.015,2.0,AGGRESSIVE,0.0,1.0
1704120780.0,356.7882266155591,GROWTH,0.015,2.0,AGGRESSIVE,0.0,1.0
1704120840.0,356.7882266155591,GROWTH,0.015,2.0,AGGRESSIVE,0.0,1.0
1704120900.0,372.1220595990292,GROWTH,0.015,2.0,AGGRESSIVE,0.0,1.0
1704120960.0,372.0569784497525,GROWTH,0.015,2.0,AGGRESSIVE,0.00017489194095850376,1.0
1704121020.0,372.0569784497525,GROWTH,0.015,2.0,AGGRESSIVE,0.00017489194095850376,1.0
1704121080.0,372.0569784497525,GROWTH,0.015,2.0,AGGRESSIVE,0.00017489194095850376,1.0
